Name,Pos,Org,Top 100,Org Rk,Age,Hit,Pitch Sel,Bat Ctrl,Con Style,Game Pwr,Raw Pwr,Spd,Fld,Versa,Hard Hit%,FV,PlayerId
Roki Sasaki,SP,LAD,1,0,23.4555555,,,,,,,,,,,65,35323
Roman Anthony,RF,BOS,2,0,20.9277777,40 / 45,55,45,InsideOut,55 / 70,70 / 80,55 / 50,50 / 60,OF,0.53,60,sa3020211
Dylan Crews,CF,WSN,3,0,23.1416666,45 / 50,50,50,InsideOut,50 / 60,60 / 60,70 / 70,40 / 45,OF,0.46,60,33541
Sebastian Walcott,SS,TEX,4,0,19.0916666,30 / 45,50,40,Pull,45 / 70,60 / 80,45 / 45,40 / 50,SS/3B,0.37,60,sa3021069
Samuel Basallo,C,BAL,5,1,20.6777777,30 / 40,30,55,PoleToPole,55 / 70,70 / 80,40 / 40,30 / 45,C/1B,0.49,60,sa3015716
Andrew Painter,SP,PHI,6,1,22.0194444,,,,,,,,,,,60,sa3017880
Kristian Campbell,2B,BOS,7,0,22.8027777,40 / 50,60,50,PoleToPole,45 / 60,55 / 60,60 / 60,30 / 40,2B/SS/CF,0.45,60,33644
Dalton Rushing,C,LAD,8,0,24.1555555,40 / 50,70,50,Pull,50 / 55,55 / 55,45 / 45,40 / 45,C/LF,0.48,60,sa3019892
Jackson Jobe,SP,DET,9,1,22.7138888,,,,,,,,,,,60,30203
Carson Williams,SS,TBR,10,1,21.8111111,30 / 35,40,35,PoleToPole,40 / 55,55 / 60,55 / 55,60 / 70,,0.4,60,sa3017795
Drake Baldwin,C,ATL,11,1,24.0527777,45 / 55,55,55,InsideOut,45 / 55,55 / 55,30 / 30,40 / 45,,0.5,55,31539
Matt Shaw,3B,CHC,12,1,23.4472222,40 / 50,40,55,PoleToPole,45 / 60,60 / 60,60 / 60,45 / 55,2B/3B,0.42,55,33322
Aidan Miller,SS,PHI,13,2,20.8555555,40 / 50,50,50,InsideOut,45 / 60,50 / 60,55 / 55,30 / 40,,0.36,55,sa3022609
Chase Dollander,SP,COL,14,1,23.475,,,,,,,,,,,55,33482
Quinn Mathews,SP,STL,15,0,24.5361111,,,,,,,,,,,55,sa3023407
Walker Jenkins,LF,MIN,16,0,20.1611111,45 / 60,50,60,PoleToPole,40 / 55,45 / 55,45 / 40,30 / 50,,0.36,55,sa3022894
Bubba Chandler,SP,PIT,17,1,22.5916666,,,,,,,,,,,55,sa3017428
Brandon Sproat,SP,NYM,18,0,24.5833333,,,,,,,,,,,55,sa3023499
Jordan Lawlar,SS,ARI,19,1,22.75,35 / 40,60,40,PoleToPole,45 / 55,50 / 60,70 / 70,55 / 60,3B/SS,0.33,55,29976
Emmanuel Rodriguez,CF,MIN,20,0,22.1305555,20 / 30,80,30,GapToGap,50 / 60,70 / 70,50 / 50,60 / 60,OF,0.56,55,sa3014693
Ethan Salas,C,SDP,21,0,18.8777777,25 / 40,40,50,GapToGap,30 / 55,45 / 60,50 / 40,45 / 70,,0.32,55,sa3020881
Jarlin Susana,SP,WSN,22,0,21.0666666,,,,,,,,,,,55,sa3018808
Noah Schultz,SP,CHW,23,1,21.7,,,,,,,,,,,55,sa3020949
Jasson Domínguez,LF,NYY,24,1,22.1944444,40 / 50,50,45,Pull/Oppo,55 / 60,60 / 60,55 / 55,40 / 40,OF,0.42,55,28080
Nick Kurtz,1B,ATH,25,1,22.0972222,35 / 55,60,60,PoleToPole,35 / 60,65 / 65,30 / 30,35 / 55,,0.44,55,sa3025385
Bryce Eldridge,1B,SFG,26,1,20.4916666,30 / 40,45,50,PoleToPole,45 / 70,60 / 80,45 / 30,30 / 40,,0.56,55,sa3022757
Chase Burns,SP,CIN,27,0,22.2805555,,,,,,,,,,,55,sa3028086
Jacob Misiorowski,SP,MIL,28,0,23.0388888,,,,,,,,,,,55,sa3020644
Alfredo Duno,C,CIN,29,0,19.2777777,20 / 40,55,30,PoleToPole,25 / 65,60 / 70,55 / 50,40 / 60,,0.49,55,sa3021066
Marcelo Mayer,SS,BOS,30,0,22.3472222,30 / 40,40,30,PoleToPole,45 / 55,55 / 60,40 / 40,40 / 50,,0.5,50,sa3017114
Colt Emerson,SS,SEA,31,0,19.7416666,30 / 50,60,55,PoleToPole,20 / 50,45 / 50,40 / 40,30 / 45,2B/3B,0.39,50,sa3022923
Angel Genao,SS,CLE,32,0,20.9111111,35 / 55,50,50,GapToGap,30 / 55,45 / 55,50 / 50,40 / 50,,0.4,50,sa3015706
Max Clark,CF,DET,33,2,20.3222222,35 / 60,55,60,SlashAndDash,30 / 45,40 / 45,70 / 70,40 / 50,,0.36,50,sa3022683
Kevin McGonigle,SS,DET,34,3,20.6638888,35 / 60,55,60,GapToGap,30 / 45,40 / 45,55 / 55,40 / 50,2B/SS,0.41,50,sa3022895
Leo De Vries,SS,SDP,35,0,18.5166666,20 / 45,50,40,Pull,25 / 60,45 / 60,40 / 50,35 / 55,,0.36,50,sa3023363
George Lombard Jr.,SS,NYY,36,2,19.875,30 / 40,50,40,GapToGap,20 / 55,50 / 60,55 / 55,40 / 50,SS/3B,0.37,50,sa3023233
Jesús Made,2B,MIL,37,0,17.9416666,25 / 55,60,60,Pull,25 / 55,40 / 55,50 / 45,40 / 50,2B/SS/3B,0.47,50,sa3024108
Travis Bazzana,2B,CLE,38,0,22.6361111,35 / 55,60,60,Pull,35 / 55,50 / 55,60 / 60,30 / 40,,0.4,50,sa3025129
Adrian Del Castillo,C,ARI,39,2,25.5555555,40 / 50,50,45,Pull,45 / 55,55 / 55,20 / 20,30 / 40,,0.46,50,29554
Agustin Ramírez,C,MIA,40,0,23.6027777,40 / 45,40,50,GapToGap,40 / 60,60 / 65,30 / 30,40 / 45,C/1B,0.46,50,sa3009276
Thayron Liranzo,C,DET,41,4,21.7833333,30 / 40,60,35,Pull,35 / 60,60 / 70,30 / 30,30 / 45,C/1B,0.5,50,sa3015790
Kevin Alcántara,CF,CHC,42,2,22.7638888,30 / 35,30,40,InsideOut,45 / 60,60 / 70,60 / 60,50 / 60,OF,0.49,50,25971
Jac Caglianone,RF,KCR,43,0,22.1888888,30 / 40,30,40,GapToGap,35 / 65,70 / 80,40 / 40,30 / 50,,0.52,50,sa3025245
Cam Smith,3B,HOU,44,0,22.1527777,30 / 45,50,45,InsideOut,40 / 60,60 / 70,40 / 40,30 / 55,,0.43,50,35108
AJ Smith-Shawver,SP,ATL,45,2,22.4083333,,,,,,,,,,,50,29960
Chase Petty,SP,CIN,46,0,22.0361111,,,,,,,,,,,50,sa3017963
Chase DeLauter,RF,CLE,47,0,23.525,40 / 55,60,50,PoleToPole,40 / 60,55 / 60,45 / 40,40 / 40,,0.42,50,sa3021053
Coby Mayo,1B,BAL,48,2,23.3527777,30 / 40,50,45,Pull,55 / 65,70 / 70,50 / 40,30 / 40,,0.41,50,28312
Zyhir Hope,RF,LAD,49,0,20.2444444,30 / 40,60,40,Oppo,35 / 60,65 / 65,60 / 60,30 / 55,,0.45,50,sa3022703
Kyle Teel,C,CHW,50,2,23.1722222,40 / 40,60,45,PoleToPole,40 / 55,45 / 50,45 / 40,45 / 55,,0.36,50,sa3022886
Luke Keaschall,CF,MIN,51,0,22.6722222,45 / 55,60,55,Pull,35 / 50,40 / 50,55 / 55,30 / 40,,0.21,50,sa3022614
Josue Briceño,C,DET,52,5,20.5666666,30 / 50,55,50,GapToGap,30 / 50,50 / 60,30 / 30,40 / 55,C/1B,0.41,50,sa3018584
Jackson Ferris,SP,LAD,53,0,21.2555555,,,,,,,,,,,50,sa3020891
Hagen Smith,SP,CHW,54,3,21.6611111,,,,,,,,,,,50,sa3025544
Thomas White,SP,MIA,55,0,20.55,,,,,,,,,,,50,sa3023268
Jacob Wilson,SS,ATH,56,2,23.0472222,60 / 70,30,80,InsideOut,30 / 35,35 / 40,45 / 45,45 / 50,,0.24,50,33266
Cooper Ingle,C,CLE,57,0,23.15,50 / 60,70,60,GapToGap,30 / 35,35 / 40,50 / 50,45 / 55,,0.32,50,sa3023069
JJ Wetherholt,SS,STL,58,0,22.6027777,35 / 50,60,60,InsideOut,35 / 50,50 / 50,50 / 50,40 / 45,2B/SS,0.55,50,sa3025154
Edgar Quero,C,CHW,59,4,22.0305555,40 / 50,45,50,GapToGap,40 / 50,45 / 50,30 / 30,40 / 45,,0.41,50,28022
Jake Bloss,SP,TOR,60,1,23.8166666,,,,,,,,,,,50,33168
Parker Messick,SP,CLE,61,0,24.475,,,,,,,,,,,50,sa3020748
Rhett Lowder,SP,CIN,62,0,23.1083333,,,,,,,,,,,50,33876
Will Warren,SP,NYY,63,3,25.8361111,,,,,,,,,,,50,30182
Richard Fitts,SP,BOS,64,0,25.3333333,,,,,,,,,,,50,30160
Cade Horton,SP,CHC,65,4,23.6583333,,,,,,,,,,,50,sa3020860
Joe Mack,C,MIA,66,0,22.3055555,20 / 30,40,30,PoleToPole,35 / 50,55 / 60,45 / 40,40 / 55,,0.44,50,sa3017374
Alex Freeland,SS,LAD,67,0,23.6472222,40 / 50,60,45,PoleToPole,40 / 55,55 / 55,50 / 50,45 / 45,,0.47,50,sa3020653
Carter Jensen,C,KCR,68,0,21.7888888,30 / 40,60,40,PoleToPole,45 / 55,55 / 60,40 / 40,40 / 50,,0.49,50,sa3017339
Jefferson Rojas,SS,CHC,69,3,19.9777777,25 / 50,40,55,GapToGap,25 / 50,40 / 50,45 / 45,30 / 45,2B/SS,0.35,50,sa3018571
Arjun Nimmala,SS,TOR,70,2,19.5027777,20 / 45,50,45,Pull,25 / 60,55 / 70,45 / 40,30 / 45,,0.43,50,sa3022892
Konnor Griffin,CF,PIT,71,2,18.9805555,20 / 45,50,40,InsideOut,20 / 55,55 / 60,70 / 70,35 / 55,,,50,sa3065496
Josue De Paula,LF,LAD,72,0,19.8972222,20 / 40,60,40,InsideOut,20 / 60,55 / 70,45 / 45,20 / 40,,0.46,50,sa3018591
Felnin Celesten,2B,SEA,73,0,19.5888888,20 / 45,55,45,GapToGap,20 / 55,50 / 60,50 / 40,35 / 50,,0.48,50,sa3023381
Braden Montgomery,RF,CHW,74,5,22.0027777,30 / 40,55,35,PoleToPole,35 / 60,60 / 65,50 / 50,35 / 60,OF,,50,sa3038253
Kumar Rocker,SP,TEX,75,0,25.4027777,,,,,,,,,,,50,31843
Yoniel Curet,SP,TBR,76,2,22.4555555,,,,,,,,,,,50,sa3015446
Caden Dana,SP,LAA,77,1,21.3333333,,,,,,,,,,,50,31508
Chandler Simpson,CF,TBR,78,3,24.4138888,60 / 70,55,70,Slash&Dash,20 / 20,30 / 30,80 / 80,40 / 60,OF,0.14,50,sa3020219
Jurrangelo Cijntje,SP,SEA,79,0,21.8805555,,,,,,,,,,,50,sa3028930
Welbyn Francisca,SS,CLE,80,0,18.9166666,25 / 60,60,60,Pull,20 / 40,30 / 40,60 / 60,30 / 50,,0.31,50,sa3021087
Grant Taylor,SP,CHW,81,6,22.9083333,,,,,,,,,,,50,sa3023634
Brody Hopkins,SP,TBR,82,4,23.2472222,,,,,,,,,,,50,sa3023515
Alan Roden,LF,TOR,83,3,25.3194444,55 / 60,60,60,PoleToPole,40 / 45,45 / 45,45 / 45,50 / 50,LF/RF,0.37,50,31564
Juan Brito,2B,CLE,84,0,23.5638888,50 / 55,40,60,GapToGap,40 / 45,45 / 50,50 / 50,40 / 45,1B/2B/RF,0.33,50,sa3009808
Cole Young,SS,SEA,85,0,21.7333333,50 / 60,60,60,GapToGap,35 / 40,45 / 45,50 / 50,40 / 45,2B/SS,0.33,50,sa3020459
Braxton Ashcraft,SP,PIT,86,3,25.5333333,,,,,,,,,,,50,sa3008470
Gunnar Hoglund,SP,ATH,87,3,25.3333333,,,,,,,,,,,50,sa3019785
Logan Henderson,SP,MIL,88,0,23.125,,,,,,,,,,,50,sa3020080
Troy Melton,SP,DET,89,6,24.3722222,,,,,,,,,,,50,sa3020652
Jonah Tong,SP,NYM,90,0,21.8555555,,,,,,,,,,,50,sa3022324
Jedixson Paez,SP,BOS,91,0,21.25,,,,,,,,,,,50,sa3016264
Jimmy  Crooks,C,STL,92,0,23.7444444,35 / 45,60,45,Oppo,40 / 45,50 / 50,20 / 20,55 / 70,,0.45,50,sa3019841
Tre' Morgan,1B,TBR,93,5,22.7527777,35 / 55,40,55,Oppo,30 / 40,45 / 45,50 / 50,70 / 80,,0.4,50,sa3022919
Starlyn Caba,SS,MIA,94,0,19.3638888,25 / 70,55,70,SlashAndDash,20 / 30,30 / 40,60 / 60,45 / 80,,0.19,50,sa3021070
George Klassen,SP,LAA,95,2,23.225,,,,,,,,,,,50,sa3023440
Yilber Díaz,SP,ARI,96,3,24.6611111,,,,,,,,,,,50,29271
Moisés Chace,SP,PHI,97,3,21.8555555,,,,,,,,,,,50,sa3015346
Carson Whisenhunt,SP,SFG,98,2,24.4916666,,,,,,,,,,,50,sa3020529
Luis Morales,SP,ATH,99,4,22.5638888,,,,,,,,,,,50,sa3021487
Tai Peete,CF,SEA,100,0,19.6833333,20 / 40,50,40,Pull,25 / 60,50 / 60,55 / 55,30 / 50,,0.37,50,sa3022966
Jett Williams,CF,NYM,101,0,21.4555555,30 / 40,60,40,GapToGap,30 / 50,50 / 55,70 / 70,40 / 60,SS/CF,0.37,50,sa3020134
Jaison Chourio,CF,CLE,102,0,19.9111111,25 / 55,70,50,InsideOut,20 / 45,40 / 50,50 / 50,35 / 55,LF/RF,0.38,50,sa3018399
Luis Mey,SIRP,CIN,103,0,23.8138888,,,,,,,,,,,50,sa3010130
Xavier Isaac,1B,TBR,104,6,21.3333333,20 / 30,50,20,Oppo,40 / 70,70 / 80,40 / 40,30 / 45,,0.57,50,sa3020498
Noble Meyer,SP,MIA,105,0,20.2694444,,,,,,,,,,,50,sa3022945
Jeferson Quero,C,MIL,106,0,22.525,30 / 40,30,55,Pull,40 / 55,50 / 60,40 / 40,40 / 50,,0.38,50,sa3015407
Jonny Farmelo,CF,SEA,107,0,20.6055555,30 / 45,40,40,Pull,30 / 55,50 / 60,70 / 70,45 / 55,,0.39,50,sa3023362
Travis Sykora,SP,WSN,108,0,20.9694444,,,,,,,,,,,50,sa3023557
Chayce McDermott,SP,BAL,109,3,26.6527777,,,,,,,,,,,50,29866
Tink Hence,SP,STL,110,0,22.6972222,,,,,,,,,,,50,sa3014709
Edgardo Henriquez,SIRP,LAD,111,0,22.8138888,,,,,,,,,,,50,26944
Ricky Tiedemann,SP,TOR,112,4,22.6638888,,,,,,,,,,,50,sa3018096
River Ryan,SP,LAD,113,0,26.6666666,,,,,,,,,,,50,29514
Alejandro Rosario,SP,TEX,114,0,23.2805555,,,,,,,,,,,50,sa3023538
Matt Wilkinson,SP,CLE,,0,22.3527777,,,,,,,,,,,45+,sa3023171
Kevin Alvarez,1B/LF,HOU,,0,17.2611111,20 / 45,,50,,25 / 60,40 / 60,50 / 40,30 / 50,,,45+,
Elian Peña,3B,NYM,,0,17.4944444,25 / 55,,55,,25 / 60,55 / 60,40 / 30,30 / 40,,,45+,
Austin Peterson,SP,CLE,,0,25.5777777,,,,,,,,,,,45,sa3020868
Andrew Salas,SS,MIA,,0,17.1194444,20 / 50,,50,,20 / 45,40 / 55,60 / 60,45 / 60,,,45,
Yorger Bautista,CF,SEA,,0,17.5777777,25 / 60,,60,,20 / 45,30 / 45,60 / 60,40 / 50,,,45,
Matt Koperniak,LF,STL,,0,27.1916666,40 / 45,40,55,InsideOut,40 / 50,50 / 50,55 / 55,55 / 55,LF/RF,0.43,45,sa3014834
Dorian Soto,SS,BOS,,0,17.175,20 / 40,,40,,20 / 50,45 / 60,55 / 60,40 / 45,,,40+,
Ethan Pecko,SP,HOU,,0,22.6444444,,,,,,,,,,,40+,sa3022997
Jack Dreyer,SIRP,LAD,,0,26.1388888,,,,,,,,,,,40+,30249
Deivid Coronil,SS,SDP,,0,17.5361111,20 / 40,,45,,20 / 45,30 / 50,55 / 55,40 / 55,,,40+,
Daniel Hernandez,C,WSN,,0,17.1694444,20 / 55,,50,,20 / 50,35 / 50,40 / 40,30 / 40,,,40+,
Harold Rivas,CF,BOS,,0,16.9361111,20 / 40,,40,,20 / 45,40 / 55,60 / 60,45 / 60,,,40,
Warren Calcaño,SS,KCR,,0,17.5,20 / 50,,50,,20 / 40,20 / 40,50 / 60,40 / 50,,,40,
William Kempner,SIRP,MIA,,0,23.8305555,,,,,,,,,,,40,sa3020527
Brayan Mendoza,SP,MIA,,0,21.2444444,,,,,,,,,,,40,sa3015477
Kenny Fenelon,CF,MIL,,0,17.5472222,20 / 30,,30,,25 / 45,50 / 60,60 / 60,40 / 50,,,40,
Caleb Durbin,3B,MIL,,0,25.1527777,50 / 55,45,60,Pull,30 / 35,40 / 40,60 / 60,45 / 50,2B/3B/LF,0.25,40,sa3017183
Jhoan De La Cruz,SS,SDP,,0,17.4194444,25 / 50,,50,,20 / 40,30 / 45,55 / 55,40 / 50,,,40,
Kendry Martinez,2B,SEA,,0,17.5416666,20 / 50,,45,,20 / 45,30 / 45,40 / 40,30 / 50,,,40,
Royel Strop,CF,STL,,0,16.8694444,20 / 40,,40,,20 / 45,40 / 55,60 / 60,40 / 50,,,40,
Brayan Cortesia,SS,WSN,,0,17.425,20 / 50,,50,,20 / 40,40 / 45,45 / 45,40 / 45,,,40,
Lieberts Aponte,SS,CIN,,0,17.4416666,20 / 40,,30,,20 / 30,20 / 35,55 / 55,45 / 60,,,35+,
Cooper Bowman,CF,CIN,,0,25.2277777,40 / 45,45,55,Pull,30 / 35,45 / 50,60 / 60,50 / 55,2B/CF,0.28,35+,sa3016966
Nick Mitchell,RF,CLE,,0,21.6222222,35 / 55,50,60,GapToGap,30 / 35,40 / 40,50 / 50,30 / 40,,0.23,35+,sa3025315
Benny Montgomery,CF,COL,,,22.6055555,20 / 20,45,20,Oppo,20 / 40,55 / 60,60 / 60,40 / 50,OF,,35+,sa3017169
Jose Vasquez,SIRP,LAD,,0,20.3472222,,,,,,,,,,,35+,sa3022116
Kevin Defrank,SP,MIA,,0,16.6833333,,,,,,,,,,,35+,
Echedry Vargas,2B,MIA,,0,20.1388888,20 / 30,20,50,Pull,35 / 45,40 / 45,55 / 55,40 / 50,,0.33,35+,sa3018565
Liam Hicks,C,MIA,,0,25.875,55 / 60,55,70,GapToGap,30 / 30,30 / 30,30 / 30,30 / 40,C/1B,0.25,35+,29844
Luarbert Arias,SP,MIA,,0,24.3472222,,,,,,,,,,,35+,23811
Christopher Acosta,SS,MIL,,0,17.2194444,20 / 45,,45,,20 / 30,30 / 40,50 / 50,40 / 50,,,35+,
Chad Patrick,SP,MIL,,0,26.675,,,,,,,,,,,35+,30113
Haritzon Castillo,SS,MIN,,0,17.0666666,25 / 55,,55,,20 / 35,30 / 40,55 / 55,40 / 50,,,35+,
Santiago Leon,SS,MIN,,0,16.8111111,20 / 45,,45,,20 / 40,40 / 45,50 / 50,40 / 50,,,35+,
Diego Cartaya,C,MIN,,0,23.6111111,20 / 30,50,30,Pull,30 / 45,40 / 50,30 / 30,40 / 45,,0.33,35+,sa3008742
Matt Svanson,SIRP,STL,,0,26.2138888,,,,,,,,,,,35+,29629
Elorky Rodriguez,LF,TEX,,0,17.3083333,25 / 55,,55,,20 / 40,40 / 45,45 / 45,30 / 50,,,35+,
Justin Hagenman,SP,NYM,,0,28.5277777,,,,,,,,,,,35,21546
Charlie Condon,3B,COL,,2,22.0083333,30 / 30,40,30,PoleToPole,30 / 60,70 / 70,40 / 40,30 / 40,3B/LF,0.36,45+,sa3025257
Blake Mitchell,C,KCR,,0,20.7055555,20 / 30,55,30,Pull,25 / 55,50 / 60,45 / 35,30 / 50,,0.36,45+,sa3022756
Cam Caminiti,SP,ATL,,3,18.6916666,,,,,,,,,,,45+,sa3025607
Brody Brecht,SP,COL,,3,22.5555555,,,,,,,,,,,45+,
Christian Moore,2B,LAA,,3,22.4888888,30 / 40,40,40,PoleToPole,40 / 55,60 / 60,50 / 50,30 / 40,,0.51,45+,sa3025168
Josuar De Jesus Gonzalez,SS,SFG,,3,17.2472222,20 / 50,,45,GapToGap,40 / 55,45 / 55,60 / 60,40 / 50,SS/CF,,45+,
Jansel Luis,SS,ARI,,4,20.1138888,20 / 40,30,50,PoleToPole,25 / 55,45 / 60,50 / 50,40 / 55,2B/3B/SS,0.34,45+,sa3018508
Owen Murphy,SP,ATL,,4,21.5555555,,,,,,,,,,,45+,sa3020330
Austin Overn,CF,BAL,,4,21.9361111,30 / 40,45,45,Pull,30 / 55,50 / 55,70 / 70,45 / 55,OF,0.31,45+,sa3025408
Jared Serna,2B,MIA,,0,22.8777777,35 / 50,45,55,PoleToPole,30 / 50,45 / 50,60 / 60,45 / 60,2B/SS/LF,0.46,45+,sa3015579
Spencer Jones,CF,NYY,,4,23.925,20 / 30,50,30,Oppo,50 / 60,70 / 70,60 / 60,40 / 45,,0.57,45+,sa3019969
Hunter Barco,SP,PIT,,4,24.3388888,,,,,,,,,,,45+,sa3022409
Adael Amador,2B,COL,,4,22.0166666,45 / 55,55,60,Pull/Gaps,30 / 40,40 / 40,40 / 40,40 / 40,,0.36,45,27962
Nelson Rada,CF,LAA,,4,19.6444444,25 / 50,50,45,Slash&Dash,20 / 30,30 / 40,60 / 60,45 / 60,LF/CF/RF,0.27,45,sa3018421
Jean Cabrera,SP,PHI,,4,23.4916666,,,,,,,,,,,45,sa3015433
James Tibbs III,RF,SFG,,4,22.5444444,35 / 45,40,50,PoleToPole,35 / 50,50 / 50,50 / 50,40 / 50,LF/RF,0.37,45,sa3025333
Winston Santos,SP,TEX,,0,23.0055555,,,,,,,,,,,45,sa3015952
Tekoah Roby,MIRP,STL,,0,23.5805555,,,,,,,,,,,40+,sa3014519
Denzel Clarke,CF,ATH,,5,24.9611111,20 / 30,40,30,InsideOut,40 / 45,60 / 70,70 / 70,60 / 70,LF/CF,0.48,45+,sa3017426
Diego Tornes,LF,ATL,,5,16.7888888,25 / 50,,55,,25 / 60,50 / 60,45 / 40,30 / 40,,,45+,sa3066458
Elvin Garcia,3B,BAL,,5,18.2472222,20 / 45,50,50,PoleToPole,25 / 60,50 / 60,40 / 40,30 / 50,,0.3,45+,sa3024147
Trey Yesavage,SP,TOR,,5,21.7194444,,,,,,,,,,,45+,sa3045705
Gino Groover,3B,ARI,,5,23.0027777,40 / 50,45,55,InsideOut,35 / 45,40 / 45,55 / 55,35 / 50,1B/2B/3B,0.31,45,sa3022887
James Triantos,2B,CHC,,5,22.2166666,55 / 70,40,70,PoleToPole,30 / 35,40 / 40,50 / 50,35 / 40,2B/LF,0.31,45,sa3017295
Yanquiel Fernandez,RF,COL,,5,22.2944444,30 / 40,30,40,GapToGap,45 / 55,60 / 70,40 / 30,30 / 40,LF/RF,0.44,45,sa3015648
Sam Aldegheri,SP,LAA,,5,23.6055555,,,,,,,,,,,45,26443
Marco Raya,MIRP,MIN,,0,22.6944444,,,,,,,,,,,45,sa3014550
Cam Schlittler,SP,NYY,,5,24.2,,,,,,,,,,,45,sa3021981
Eduardo Tait,C,PHI,,5,18.6388888,20 / 40,40,40,Pull,25 / 55,50 / 60,30 / 30,30 / 40,,0.39,45,sa3022162
Nick Yorke,2B,PIT,,5,23.0416666,50 / 55,50,55,Oppo,40 / 45,55 / 55,40 / 40,40 / 40,1B/2B/3B/LF/RF,0.47,45,27504
Trevor McDonald,SP,SFG,,5,24.1416666,,,,,,,,,,,45,26448
Demetrio Crisantes,2B,ARI,,6,20.6166666,35 / 55,50,55,InsideOut,30 / 40,40 / 45,40 / 40,35 / 60,1B/2B/3B,0.36,45,sa3021051
J.T. Ginn,SP,ATH,,6,25.9083333,,,,,,,,,,,45,27889
Hurston Waldrep,SP,ATL,,6,23.1277777,,,,,,,,,,,45,33527
Brandon Young,SP,BAL,,6,26.6611111,,,,,,,,,,,45,sa3014926
Moises Ballesteros,C,CHC,,6,21.4416666,40 / 50,40,50,InsideOut,40 / 50,50 / 50,20 / 20,30 / 40,C/1B,0.38,45,sa3015713
Carson Palmquist,SP,COL,,6,24.5,,,,,,,,,,,45,sa3020473
Elmer Rodriguez-Cruz,SP,NYY,,6,21.6638888,,,,,,,,,,,45,sa3019459
Thomas Harrington,SP,PIT,,6,23.7638888,,,,,,,,,,,45,31989
Kendry Rojas,SP,TOR,,6,22.3916666,,,,,,,,,,,45,sa3016746
Samy Natera Jr.,SIRP,LAA,,6,25.45,,,,,,,,,,,40+,sa3020862
Aroon Escobar,2B,PHI,,6,20.2944444,35 / 55,50,60,GapToGap,30 / 50,45 / 50,50 / 50,30 / 45,2B/3B,0.48,40+,sa3018463
Carson Seymour,MIRP,SFG,,6,26.3361111,,,,,,,,,,,40+,sa3017868
Bryce Rainer,SS,DET,,7,19.7888888,20 / 40,50,40,InsideOut,25 / 55,45 / 60,55 / 55,40 / 55,,,45+,sa3066592
Brayden Taylor,3B,TBR,,7,22.9027777,30 / 35,60,30,Pull,35 / 55,45 / 50,50 / 50,55 / 60,2B/3B/SS,0.36,45+,sa3022921
Adriel Radney,CF,ARI,,7,17.8166666,20 / 50,50,50,Grounders,20 / 50,40 / 60,60 / 55,40 / 50,OF,0.21,45,sa3023886
Mason Barnett,SP,ATH,,7,24.4444444,,,,,,,,,,,45,sa3020622
Nacho Alvarez Jr.,3B,ATL,,7,22.0166666,45 / 60,80,55,InsideOut,30 / 35,40 / 40,30 / 30,55 / 60,,0.34,45,31765
Enrique Bradfield Jr.,CF,BAL,,7,23.375,45 / 60,70,60,Slash&Dash,30 / 35,30 / 35,70 / 70,50 / 60,OF,0.34,45,sa3022917
Owen Caissie,RF,CHC,,7,22.775,30 / 35,60,30,InsideOut,55 / 60,60 / 70,40 / 30,30 / 50,LF/RF,0.43,45,sa3014465
Shane Smith,SP,CHW,,7,25.0361111,,,,,,,,,,,45,31687
Gabriel Hughes,SP,COL,,7,23.6527777,,,,,,,,,,,45,sa3020661
Edgleen Perez,C,NYY,,7,18.8944444,25 / 50,70,50,GapToGap,20 / 45,40 / 45,40 / 40,45 / 55,,0.45,45,sa3021330
Termarr Johnson,2B,PIT,,7,20.85,30 / 45,60,40,GapToGap,35 / 50,45 / 50,50 / 50,40 / 45,,0.34,45,sa3020214
Emiliano Teodo,SIRP,TEX,,0,24.175,,,,,,,,,,,45,sa3015158
Cristopher Polanco,SS,TOR,,7,17.2888888,25 / 60,50,60,,20 / 40,30 / 40,60 / 60,45 / 60,,,45,
Barrett Kent,SP,LAA,,7,20.55,,,,,,,,,,,40+,sa3023082
Michael Mercado,MIRP,PHI,,7,26.0055555,,,,,,,,,,,40+,23223
Joe Whitman,SP,SFG,,7,23.5833333,,,,,,,,,,,40+,sa3023131
Gary Gill Hill,SP,TBR,,8,20.575,,,,,,,,,,,45+,sa3020972
Cristian Mena,SP,ARI,,8,22.3222222,,,,,,,,,,,45,27974
Steven Echavarria,SP,ATH,,8,19.6972222,,,,,,,,,,,45,sa3023560
Drue Hackenberg,SP,ATL,,8,23.0444444,,,,,,,,,,,45,sa3023304
Griff O'Ferrall,SS,BAL,,8,22.2083333,35 / 60,50,2,GapToGap,30 / 40,35 / 45,50 / 50,45 / 55,,0.07,45,sa3025409
Brandon Birdsell,SP,CHC,,8,25.0666666,,,,,,,,,,,45,sa3020797
Chase Meidroth,SS,CHW,,8,23.7333333,60 / 65,60,70,InsideOut,30 / 30,35 / 40,40 / 40,40 / 40,2B/SS/3B,0.34,45,31580
Jordy Vargas,SP,COL,,8,21.4472222,,,,,,,,,,,45,sa3016052
Trey Sweeney,SS,DET,,8,24.9805555,40 / 40,60,40,PoleToPole,40 / 45,55 / 55,40 / 40,40 / 45,,0.46,45,29575
Dax Fulton,SP,MIA,,0,23.5027777,,,,,,,,,,,45,sa3014535
Chase Hampton,SP,NYY,,8,23.6944444,,,,,,,,,,,45,sa3020682
Wyatt Sanford,SS,PIT,,8,19.3972222,20 / 50,40,50,GapToGap,20 / 45,30 / 45,50 / 50,45 / 60,,,45,sa3066665
Ryan Sloan,SP,SEA,,0,19.2166666,,,,,,,,,,,45,
Denzer Guzman,SS,LAA,,8,21.1916666,20 / 30,40,30,InsideOut,30 / 40,45 / 55,60 / 60,45 / 60,,0.32,40+,sa3015711
Justin Crawford,CF,PHI,,8,21.2611111,30 / 50,40,40,InsideOut,20 / 30,45 / 55,70 / 70,40 / 45,OF,0.42,40+,sa3020240
Dakota Jordan,CF,SFG,,8,21.9388888,20 / 30,45,30,Oppo,30 / 50,60 / 70,70 / 70,30 / 50,LF/RF,,40+,sa3025601
Orelvis Martinez,3B,TOR,,8,23.4111111,30 / 30,50,40,Pull,55 / 60,65 / 65,40 / 40,30 / 40,2B/3B,0.46,40+,25967
Jake Eder,SP,LAA,,9,26.5222222,,,,,,,,,,,45+,27590
Theo Gillen,CF,TBR,,9,19.5972222,25 / 60,50,60,GapToGap,20 / 50,45 / 50,55 / 55,30 / 40,,,45+,sa3025565
Tommy Troy,SS,ARI,,9,23.25,30 / 35,55,30,Oppo,30 / 45,45 / 50,80 / 80,40 / 50,2B/3B/SS,0.36,45,sa3022561
JR Ritchie,SP,ATL,,9,21.8083333,,,,,,,,,,,45,sa3020395
Vance Honeycutt,CF,BAL,,9,21.9166666,20 / 30,30,30,GapToGap,30 / 45,50 / 55,60 / 60,45 / 70,OF,0.42,45,sa3025526
Colson Montgomery,SS,CHW,,9,23.1388888,30 / 35,70,40,Pull,45 / 55,55 / 60,40 / 40,30 / 40,SS/3B,0.34,45,sa3017170
Sterlin Thompson,LF,COL,,9,23.8083333,40 / 50,40,55,PoleToPole,40 / 50,50 / 50,40 / 40,30 / 30,1B/LF,0.37,45,sa3019999
Jace Jung,3B,DET,,9,24.5361111,30 / 40,45,40,PoleToPole,45 / 55,55 / 55,30 / 30,30 / 40,,0.36,45,31437
Edward Florentino,1B,PIT,,9,18.4333333,20 / 45,45,45,Pull,25 / 60,45 / 60,30 / 30,30 / 40,1B/LF,0.47,45,sa3023944
Max Muncy,SS,ATH,,9,22.6444444,30 / 40,40,40,InsideOut,35 / 45,50 / 55,50 / 50,45 / 50,2B/SS,0.43,40+,29779
Eriandys Ramon,3B,CHC,,9,22.2777777,30 / 50,30,55,GapToGap,30 / 45,35 / 45,40 / 40,35 / 60,1B/2B/3B/SS,0.32,40+,sa3022256
Joel Hurtado,SIRP,LAA,,9,24.1972222,,,,,,,,,,,40+,sa3019774
Bryce Cunningham,SP,NYY,,9,22.325,,,,,,,,,,,40+,
Alex McFarlane,SIRP,PHI,,9,23.8555555,,,,,,,,,,,40+,sa3020633
Bo Davidson,CF,SFG,,9,22.7833333,20 / 30,50,30,Oppo,30 / 45,50 / 60,50 / 50,30 / 45,OF,0.55,40+,sa3022706
Will Wagner,3B,TOR,,9,26.7166666,55 / 60,45,55,,35 / 40,50 / 50,45 / 45,40 / 40,,,40+,29634
Tyler Callihan,2B,CIN,,0,24.8194444,30 / 40,40,40,Pull,40 / 45,55 / 55,50 / 50,30 / 35,2B/LF,0.42,35+,sa1169610
Brailer Guerrero,RF,TBR,,10,18.8111111,20 / 40,45,45,Oppo,25 / 55,50 / 60,45 / 40,30 / 50,,0.43,45+,sa3021072
Ryan Waldschmidt,LF,ARI,,10,22.5277777,30 / 40,55,40,PoleToPole,30 / 55,55 / 60,60 / 60,30 / 45,,0.32,45,sa3025261
Lucas Braun,SP,ATL,,10,23.6416666,,,,,,,,,,,45,sa3022996
Trey Gibson,SP,BAL,,10,22.9138888,,,,,,,,,,,45,sa3023250
Bryan Ramos,3B,CHW,,10,23.0972222,30 / 40,55,40,InsideOut,40 / 45,50 / 55,55 / 55,70 / 70,,0.39,45,25621
Jaden Hamm,SP,DET,,10,22.6166666,,,,,,,,,,,45,sa3023134
Austin Charles,3B,KCR,,0,21.4277777,20 / 35,20,40,Pull,20 / 55,45 / 60,55 / 55,40 / 55,,0.33,45,sa3020497
Tommy White,3B,ATH,,10,22.125,30 / 40,30,50,InsideOut,40 / 55,60 / 60,40 / 40,40 / 50,1B/3B,0.32,40+,sa3025383
Jack Neely,SIRP,CHC,,10,24.8666666,,,,,,,,,,,40+,30106
Robert Calaz,RF,COL,,10,19.4027777,20 / 30,40,40,InsideOut,25 / 55,60 / 70,40 / 40,35 / 60,,0.4,40+,sa3021078
Chris Cortez,SIRP,LAA,,10,22.5305555,,,,,,,,,,,40+,
PJ Morlando,LF,MIA,,0,19.9194444,20 / 50,55,50,Pull,25 / 70,60 / 70,45 / 45,30 / 50,,,40+,sa3025199
Ben Hess,SP,NYY,,10,22.6222222,,,,,,,,,,,40+,
Omar Alfonzo,C,PIT,,10,21.7055555,30 / 40,60,40,Oppo,35 / 50,55 / 60,20 / 20,30 / 45,C/1B,0.53,40+,sa3015665
Rayner Arias,CF,SFG,,10,18.9666666,20 / 40,50,30,InsideOut,20 / 55,45 / 60,60 / 50,35 / 60,OF,0.24,40+,sa3021076
Josh Kasevich,SS,TOR,,10,24.25,50 / 65,45,70,Oppo,30 / 30,45 / 45,45 / 45,40 / 40,SS/3B,0.45,40+,sa3020203
Yophery Rodriguez,CF,BOS,,0,19.3666666,25 / 45,60,45,PoleToPole,20 / 45,40 / 45,60 / 60,30 / 45,OF,0.32,40,sa3021083
Griffin Burkholder,CF,PHI,,10,19.6305555,20 / 40,50,45,GapToGap,25 / 50,40 / 55,70 / 70,40 / 50,OF,,40,sa3025418
Zach Fruit,SP,BAL,,11,23.0138888,,,,,,,,,,,45,sa3023507
Sean Burke,MIRP,CHW,,11,25.3305555,,,,,,,,,,,45,29878
Owen Hall,SP,DET,,11,19.425,,,,,,,,,,,45,sa3066594
Joe Rock,SP,TBR,,11,24.7166666,,,,,,,,,,,45,sa3017755
Yordin Chalas,SIRP,ARI,,11,21.2083333,,,,,,,,,,,40+,sa3021508
Kade Morris,MIRP,ATH,,11,22.8222222,,,,,,,,,,,40+,sa3023206
Didier Fuentes,SP,ATL,,11,19.8333333,,,,,,,,,,,40+,sa3018841
Jaxon Wiggins,SIRP,CHC,,11,23.5388888,,,,,,,,,,,40+,sa3023635
Luis Peralta,SIRP,COL,,11,24.2805555,,,,,,,,,,,40+,24203
Ryan Johnson,MIRP,LAA,,11,22.7,,,,,,,,,,,40+,35325
Henry Lalane,SP,NYY,,11,20.9138888,,,,,,,,,,,40+,sa3016066
Yordany De Los Santos,SS,PIT,,11,20.1666666,20 / 40,35,45,Oppo,30 / 50,45 / 60,50 / 50,40 / 50,2B/SS/3B,0.34,40+,sa3018408
Jhonny Level,2B,SFG,,11,18.05,25 / 50,50,50,GapToGap,25 / 50,45 / 50,50 / 50,30 / 50,,0.31,40+,sa3023898
Chen-Wei Lin,SP,STL,,0,23.4027777,,,,,,,,,,,40+,sa3022876
RJ Schreck,RF,TOR,,11,24.7638888,45 / 55,60,55,Pull,35 / 40,40 / 40,50 / 50,30 / 45,LF/RF,0.35,40+,sa3022602
Dante Nori,CF,PHI,,11,20.5277777,20 / 45,50,40,SlashAndDash,20 / 30,30 / 35,70 / 70,45 / 60,OF,0.06,40,sa3025411
Cris Rodriguez,RF,DET,,12,17.2194444,20 / 40,,40,,25 / 60,60 / 70,50 / 40,30 / 55,,,45,sa3066593
Felix Arronde,SP,KCR,,0,21.9777777,,,,,,,,,,,45,sa3016526
Jackson Baumeister,SP,TBR,,12,22.7694444,,,,,,,,,,,45,sa3023471
Luis De León,SP,BAL,,12,22.0083333,,,,,,,,,,,45,sa3019283
Tanner McDougal,SP,CHW,,12,22.0388888,,,,,,,,,,,45,sa3017471
Zach Agnos,MIRP,COL,,12,24.6722222,,,,,,,,,,,40+,sa3020560
Walbert Urena,SIRP,LAA,,12,21.2277777,,,,,,,,,,,40+,sa3018298
Deyvison De Los Santos,DH,MIA,,0,21.8222222,30 / 35,30,40,PoleToPole,45 / 60,70 / 70,40 / 30,30 / 30,1B/3B,0.46,40+,sa3015168
Boston Baro,3B,NYM,,0,20.65,20 / 50,50,45,GapToGap,20 / 50,30 / 50,50 / 50,35 / 60,,0.23,40+,sa3022962
Jesus Rodriguez,3B,NYY,,12,22.9833333,40 / 50,40,50,Oppo,35 / 45,50 / 50,30 / 30,30 / 50,C/1B/3B/LF,0.41,40+,sa3008916
Jhonny Severino,SS,PIT,,12,20.4416666,30 / 40,40,40,PoleToPole,30 / 55,45 / 60,60 / 60,30 / 45,3B/SS,0.32,40+,sa3018415
Hunter Dryden,SP,SFG,,12,22.8527777,,,,,,,,,,,40+,
Adam Macko,MIRP,TOR,,12,24.2972222,,,,,,,,,,,40+,sa3011555
Slade Caldwell,CF,ARI,,12,18.8305555,25 / 55,55,60,GapToGap,20 / 35,40 / 45,70 / 70,45 / 55,LF/CF,,40+,
Grant Holman,SIRP,ATH,,12,24.8805555,,,,,,,,,,,40+,30002
Jose Perdomo,3B,ATL,,12,18.575,25 / 50,,,,25 / 55,45 / 55,40 / 40,30 / 50,,,40+,sa3025104
Nazier Mulé,SIRP,CHC,,12,20.5055555,,,,,,,,,,,40+,sa3023566
Bryan Rincon,SS,PHI,,12,21.1916666,30 / 40,60,40,Poles/Gaps,30 / 45,45 / 50,50 / 50,45 / 55,,0.33,40,sa3020221
Omar Cruz,MIRP,SDP,,0,26.225,,,,,,,,,,,40,23875
Sawyer Gipson-Long,SP,DET,,13,27.3472222,,,,,,,,,,,45,26048
Cooper Kinney,2B,TBR,,13,22.2222222,30 / 45,50,45,InsideOut,30 / 50,50 / 55,40 / 40,40 / 45,1B/2B/3B,0.43,45,sa3017793
JD Dix,SS,ARI,,13,19.5138888,20 / 45,50,50,GapToGap,25 / 50,50 / 55,45 / 45,40 / 45,,,40+,
Garrett Baumann,SP,ATL,,13,20.6722222,,,,,,,,,,,40+,sa3023310
Ethan Anderson,1B,BAL,,13,21.5722222,35 / 55,60,55,PoleToPole,30 / 40,45 / 45,30 / 30,45 / 60,C/1B,0.33,40+,sa3025410
Juan Tomas,SS,CHC,,13,17.3861111,20 / 35,,40,,20 / 50,35 / 60,60 / 60,30 / 45,,,40+,
Caleb Bonemer,3B,CHW,,13,19.5333333,20 / 45,50,50,Pull,25 / 50,45 / 50,40 / 40,30 / 45,SS/3B,,40+,sa3067043
Seth Halvorsen,SIRP,COL,,13,25.1638888,,,,,,,,,,,40+,33294
Luinder Avila,SP,KCR,,0,23.6555555,,,,,,,,,,,40+,sa3006507
Clayton Beeter,SIRP,NYY,,13,26.5222222,,,,,,,,,,,40+,27494
Estuar Suero,CF,PIT,,13,19.6333333,20 / 40,50,30,GapToGap,20 / 55,45 / 60,60 / 60,40 / 50,OF,0.39,40+,sa3018481
Reggie Crawford,SIRP,SFG,,13,24.3694444,,,,,,,,,,,40+,sa3020457
Angel Bastardo,MIRP,TOR,,13,22.8305555,,,,,,,,,,,40+,sa3009716
Josh Kuroda-Grauer,2B,ATH,,13,22.2138888,35 / 55,45,60,Oppo,25 / 30,40 / 45,50 / 50,45 / 50,2B/SS,0.3,40,sa3025386
Juan Flores,C,LAA,,13,19.1777777,20 / 35,40,40,GapToGap,20 / 30,30 / 40,20 / 20,45 / 60,,0.34,40,sa3021185
Mick Abel,SIRP,PHI,,13,23.6638888,,,,,,,,,,,40,sa3014534
Noah Cameron,SP,KCR,,0,25.75,,,,,,,,,,,45,sa3018097
Maximo Acosta,SS,MIA,,0,22.4666666,35 / 55,50,55,GapToGap,30 / 40,40 / 45,50 / 45,40 / 50,2B/SS,0.4,45,sa3014711
Dominic Keegan,1B,TBR,,14,24.7111111,35 / 40,50,40,InsideOut,35 / 50,60 / 60,40 / 30,40 / 50,,0.44,45,sa3020194
Abdias De La Cruz,RF,ARI,,14,20.4555555,30 / 50,50,45,InsideOut,20 / 50,40 / 55,60 / 60,30 / 55,,0.34,40+,sa3019401
Blake Burkhalter,SIRP,ATL,,14,24.5777777,,,,,,,,,,,40+,sa3020382
Cameron Weston,SP,BAL,,14,24.6388888,,,,,,,,,,,40+,sa3020528
Aldrin Batista,SP,CHW,,14,21.9527777,,,,,,,,,,,40+,sa3019119
Juan Mejia,SIRP,COL,,14,24.7861111,,,,,,,,,,,40+,sa3003159
Hao-Yu Lee,2B,DET,,14,22.2055555,30 / 40,50,40,GapToGap,30 / 50,55 / 55,40 / 30,30 / 40,2B/3B,0.39,40+,sa3017863
Eric Reyzelman ,SIRP,NYY,,14,23.8055555,,,,,,,,,,,40+,sa3020611
Tony Blanco Jr.,1B,PIT,,14,19.925,20 / 30,50,30,PoleToPole,25 / 70,60 / 80,30 / 30,20 / 30,,0.47,40+,sa3019722
Brandon Barriera,SP,TOR,,14,21.1194444,,,,,,,,,,,40+,sa3020683
Edgar Montero,SS,ATH,,14,18.4055555,20 / 50,60,50,GapTo Gap,20 / 50,40 / 50,40 / 40,35 / 50,,0.28,40,sa3024109
Pablo Aliendo,C,CHC,,14,23.8833333,30 / 35,30,40,Pull,30 / 45,50 / 55,40 / 40,30 / 45,,0.41,40,sa3006220
Dylan Jordan,SP,LAA,,14,19.5055555,,,,,,,,,,,40,
Gabriel Rincones Jr.,LF,PHI,,14,24.1222222,30 / 35,60,30,GapToGap,35 / 50,55 / 60,40 / 40,40 / 50,LF/RF,0.53,40,sa3020758
Carson Ragsdale,SP,SFG,,14,26.8944444,,,,,,,,,,,40,sa3014922
Santiago Suarez,SP,TBR,,15,20.2666666,,,,,,,,,,,45,sa3019386
Druw Jones,CF,ARI,,15,21.3861111,20 / 30,50,30,Oppo,20 / 45,40 / 55,55 / 55,45 / 60,OF,0.35,40+,sa3020676
Raudy Reyes,SIRP,ATL,,15,16.6527777,,,,,,,,,,,40+,sa3066459
Juan Nuñez,SP,BAL,,15,24.3611111,,,,,,,,,,,40+,sa3015464
George Wolkow,1B,CHW,,15,19.2666666,20 / 20,40,40,PoleToPole,25 / 60,60 / 80,45 / 40,30 / 50,RF,0.49,40+,sa3022817
Welinton Herrera,SIRP,COL,,15,21.0388888,,,,,,,,,,,40+,sa3016061
Tyler Mattison,SIRP,DET,,15,25.6166666,,,,,,,,,,,40+,sa3018117
Roderick Arias,SS,NYY,,15,20.6055555,20 / 30,55,30,GapToGap,30 / 50,50 / 60,50 / 50,30 / 45,,0.39,40+,sa3019674
Mike Burrows,MIRP,PIT,,15,25.4416666,,,,,,,,,,,40+,24728
Landen Maroudis,SP,TOR,,15,20.3361111,,,,,,,,,,,40+,sa3023351
Ayden Johnson,3B,ATH,,15,17.1777777,20 / 40,,45,,25 / 55,45 / 55,50 / 50,30 / 50,,,40,
Christian Franklin,CF,CHC,,15,25.3805555,35 / 50,60,40,Oppo,35 / 40,50 / 50,50 / 50,50 / 50,OF,0.41,40,sa3017510
Dario Laverde,C,LAA,,15,20.1416666,20 / 45,40,55,Pull,25 / 45,40 / 50,20 / 20,30 / 45,,0.21,40,sa3018470
Leandro Pineda,RF,PHI,,15,22.8694444,30 / 40,40,40,GapToGap,40 / 50,50 / 55,40 / 40,30 / 40,LF/RF,0.39,40,sa3008905
Sabin Ceballos,3B,SFG,,15,22.6666666,30 / 45,60,40,GapToGap,30 / 40,45 / 45,40 / 40,35 / 60,,0.29,40,sa3022500
Brady Smith,SP,LAD,,0,20.2222222,,,,,,,,,,,45,
Mason Montgomery,SIRP,TBR,,16,24.8333333,,,,,,,,,,,45,29770
Braxton Bragg,SP,BAL,,16,24.4694444,,,,,,,,,,,40+,sa3023303
Tyler Schweitzer,SP,CHW,,16,24.5777777,,,,,,,,,,,40+,sa3020712
Zac Veen,RF,COL,,16,23.3472222,30 / 40,55,40,Oppo,40 / 45,55 / 60,70 / 70,50 / 60,LF/RF,0.4,40+,27770
Dexters Peralta,SS,NYY,,16,17.7666666,20 / 45,40,40,GapToGap,20 / 50,30 / 55,50 / 60,40 / 50,,0.18,40+,sa3023745
Carlson Reed,MIRP,PIT,,16,22.3888888,,,,,,,,,,,40+,sa3022793
Johnny King,SP,TOR,,16,18.725,,,,,,,,,,,40+,
Joe Elbis,SP,ARI,,16,22.5638888,,,,,,,,,,,40,sa3015216
Shotaro Morii,TWP,ATH,,16,18.3388888,20 / 45,,45,,20 / 50,40 / 50,45 / 45,40 / 45,,,40,
Nick Montgomery,C,ATL,,16,19.4444444,20 / 40,40,40,Pull,20 / 50,45 / 60,40 / 40,35 / 60,,,40,sa3066457
Connor Noland,SP,CHC,,16,25.7416666,,,,,,,,,,,40,sa3020834
Jake Miller,MIRP,DET,,16,23.8055555,,,,,,,,,,,40,sa3020408
Joswa Lugo,SS,LAA,,16,18.2305555,20 / 40,40,40,Pull,20 / 55,40 / 60,60 / 60,40 / 50,,0.43,40,sa3023894
Seth Johnson,SIRP,PHI,,16,26.5777777,,,,,,,,,,,40,26020
Christian Koss,SS,SFG,,16,27.2222222,35 / 40,40,45,,35 / 40,45 / 45,50 / 50,50 / 50,,,40,27653
Ian Seymour,MIRP,TBR,,17,26.3444444,,,,,,,,,,,45,sa3014512
Nestor German,SP,BAL,,17,23.1416666,,,,,,,,,,,40+,sa3023517
Cole Carrigg,CF,COL,,17,22.9416666,30 / 40,45,40,Pull,30 / 45,40 / 45,55 / 55,45 / 50,SS/OF,0.33,40+,sa3022596
Connor Prielipp,SIRP,MIN,,0,24.2694444,,,,,,,,,,,40+,sa3020808
Ruben Castillo,CF,NYY,,17,17.2861111,20 / 40,,40,,20 / 50,40 / 55,60 / 60,40 / 50,,,40+,
Khristian Curtis,MIRP,PIT,,17,22.9388888,,,,,,,,,,,40+,sa3023473
Yu-Min Lin,SP,ARI,,17,21.7638888,,,,,,,,,,,40,sa3019278
Brady Basso,SP,ATH,,17,27.525,,,,,,,,,,,40,25582
Luke Sinnard,SP,ATL,,17,22.4888888,,,,,,,,,,,40,sa3042362
Jonathon Long,1B,CHC,,17,23.2416666,30 / 40,50,40,InsideOut,30 / 55,60 / 60,40 / 40,30 / 40,1B/LF,0.48,40,sa3022864
Jairo Iriarte,SP,CHW,,17,23.3388888,,,,,,,,,,,40,26907
Petey Halpin,CF,CLE,,0,22.8916666,35 / 55,45,60,InsideOut,30 / 40,35 / 40,60 / 60,40 / 50,OF,0.37,40,sa3014461
Ethan Schiefelbein,SP,DET,,17,19.0166666,,,,,,,,,,,40,sa3066595
Gabriel Davalillo,C,LAA,,17,17.4472222,20 / 30,,30,,20 / 50,45 / 60,30 / 30,40 / 50,,,40,
Eiberson Castellano,SIRP,PHI,,17,23.9388888,,,,,,,,,,,40,sa3015414
Gerelmi Maldonado,SIRP,SFG,,17,21.3222222,,,,,,,,,,,40,sa3016018
Khal Stephen,SP,TOR,,17,22.3222222,,,,,,,,,,,40,sa3043049
Chase Allsup,SP,BAL,,18,21.9888888,,,,,,,,,,,40+,sa3025950
Hunter Dobbins,SP,BOS,,0,25.6305555,,,,,,,,,,,40+,30240
Michael Kennedy,SP,CLE,,0,20.3805555,,,,,,,,,,,40+,sa3021728
Kelvin Hidalgo,SS,COL,,18,20.1277777,20 / 30,50,30,Oppo,25 / 50,45 / 60,50 / 50,30 / 50,,0.42,40+,sa3018472
Carlos Lagrange,SIRP,NYY,,18,21.8944444,,,,,,,,,,,40+,sa3019390
David Matoma,SP,PIT,,18,19.2083333,,,,,,,,,,,40+,sa3021761
Ty Johnson,SP,TBR,,18,23.5611111,,,,,,,,,,,40+,sa3023410
Yassel Soler,3B,ARI,,18,19.225,25 / 50,30,60,GapToGap,25 / 50,50 / 60,40 / 40,30 / 40,1B/3B,0.33,40,sa3022281
Will Johnston,SP,ATH,,18,24.3472222,,,,,,,,,,,40,sa3022940
Carter Holton,SP,ATL,,18,22.6194444,,,,,,,,,,,40,sa3025599
Cole Mathis,1B,CHC,,18,21.7277777,35 / 55,50,55,GapToGap,35 / 45,50 / 55,50 / 45,40 / 55,,,40,
William Bergolla,SS,CHW,,18,20.5194444,50 / 60,50,70,Oppo,20 / 20,20 / 20,50 / 50,50 / 50,2B/3B/SS,0.24,40,sa3019777
Ty Madden,SP,DET,,18,25.1555555,,,,,,,,,,,40,30140
Garrett McDaniels,SIRP,LAA,,18,25.3388888,,,,,,,,,,,40,31751
Christian McGowan,SIRP,PHI,,18,25.1111111,,,,,,,,,,,40,sa3017896
Ryan Bergert,SIRP,SDP,,0,25.1083333,,,,,,,,,,,40,sa3017418
Liam Simon,SIRP,SFG,,18,24.5027777,,,,,,,,,,,40,sa3020256
Eddinson Paulino,3B,TOR,,18,22.7916666,30 / 45,45,45,,35 / 45,45 / 55,45 / 45,35 / 50,,,40,sa3009538
Jud Fabian,CF,BAL,,19,24.5555555,20 / 30,55,20,PoleToPole,30 / 45,55 / 55,60 / 60,50 / 55,OF,0.39,40+,sa3019942
Ashly Andujar,SS,COL,,19,17.7166666,25 / 55,40,55,SlashAndDash,20 / 45,20 / 40,60 / 60,45 / 55,,0.15,40+,sa3023890
Johan De Los Santos,CF,PIT,,19,16.7305555,20 / 40,,40,,20 / 40,20 / 45,80 / 80,30 / 50,2B/CF,,40+,sa3066666
Adrian Santana,SS,TBR,,19,19.7472222,20 / 45,40,50,GapToGap,20 / 45,30 / 45,60 / 60,40 / 55,2B/SS,0.17,40+,sa3022890
Dylan Ray,SP,ARI,,19,23.9388888,,,,,,,,,,,40,sa3020392
Carlos Duran,SIRP,ATH,,19,23.7138888,,,,,,,,,,,40,sa3006404
Davis Polo,SP,ATL,,19,20.4722222,,,,,,,,,,,40,sa3019637
Brody McCullough,SP,CHC,,19,24.7972222,,,,,,,,,,,40,sa3020599
Jeral Perez,2B,CHW,,19,20.4472222,40 / 45,50,45,Pull,30 / 45,45 / 50,45 / 45,35 / 45,2B/3B,0.33,40,sa3018557
Josh Hartle,SP,CLE,,0,22.0638888,,,,,,,,,,,40,sa3025623
Yosber Sanchez,SIRP,DET,,19,23.9027777,,,,,,,,,,,40,sa3011636
Mitch Farris,SP,LAA,,19,24.175,,,,,,,,,,,40,sa3022912
J.C. Escarra,C,NYY,,19,29.9805555,50 / 50,50,50,Pull,30 / 30,40 / 40,30 / 30,60 / 60,C/1B/3B/LF,0.44,40,20084
Andrew Baker,SIRP,PHI,,19,25.0638888,,,,,,,,,,,40,sa3017196
Anthony Marquez,SS,SFG,,19,18.5666666,25 / 55,50,60,SlashAndDash,20 / 30,20 / 30,60 / 60,40 / 55,2B/SS,0.17,40,sa3023960
Sean Keys,3B,TOR,,19,21.8916666,30 / 40,45,55,GapToGap,35 / 55,60 / 60,30 / 30,30 / 50,1B/3B,,40,sa3025317
Jhostynxon Garcia,RF,BOS,,0,22.35,30 / 35,30,40,PoleToPole,30 / 60,55 / 65,55 / 50,30 / 55,OF,0.38,45+,sa3015523
Jordan Sanchez,RF,BAL,,20,19.5222222,20 / 45,50,50,Pull,25 / 55,45 / 60,45 / 40,30 / 50,LF/RF,0.38,40+,sa3024112
Aidan Smith,CF,TBR,,20,20.7333333,30 / 40,50,40,InsideOut,30 / 45,45 / 55,60 / 60,30 / 45,OF,0.36,40+,sa3022611
Grant Rogers,SP,TOR,,20,23.9027777,,,,,,,,,,,40,sa3023522
Spencer Giesting,MIRP,ARI,,20,23.7916666,,,,,,,,,,,40,sa3020402
Cole Miller,SP,ATH,,20,19.9583333,,,,,,,,,,,40,
Ethan Bagwell,SP,ATL,,20,19.1472222,,,,,,,,,,,40,sa3025661
Gage Workman,3B,CHC,,20,25.4805555,20 / 20,30,40,PoleToPole,30 / 40,50 / 55,55 / 55,60 / 70,3B/SS,0.44,40,27573
Alexander Albertus,3B,CHW,,20,20.4722222,25 / 60,60,60,PoleToPole,20 / 30,30 / 40,50 / 50,35 / 55,2B/3B/SS,0.27,40,sa3018950
Drew Romo,C,COL,,20,23.6333333,40 / 50,30,60,Pull,30 / 30,40 / 40,40 / 40,50 / 50,,0.27,40,27763
Kelvis Salcedo,SP,DET,,20,19.2333333,,,,,,,,,,,40,sa3021531
Capri Ortiz,SS,LAA,,20,20.0444444,20 / 35,55,35,GapToGap,20 / 30,30 / 40,70 / 70,45 / 60,,0.16,40,sa3018473
Rafael Flores,C,NYY,,20,24.4444444,30 / 30,40,30,PoleToPole,30 / 45,55 / 60,40 / 40,40 / 40,C/1B,0.54,40,sa3020243
Wen-Hui Pan,SIRP,PHI,,20,22.5777777,,,,,,,,,,,40,sa3020878
Levi Sterling,SP,PIT,,20,18.625,,,,,,,,,,,40,sa3066664
Jacob Bresnahan,SP,SFG,,20,19.8055555,,,,,,,,,,,40,sa3023066
Miguel Rodríguez,C,BAL,,21,19.3,25 / 60,60,60,PoleToPole,20 / 30,30 / 35,20 / 20,45 / 55,C/1B,0.24,40+,sa3021226
Jose Urbina,SP,TBR,,21,19.4583333,,,,,,,,,,,40+,sa3022218
Jorge Barrosa,CF,ARI,,21,24.1666666,55 / 60,40,60,GapToGap,30 / 30,30 / 30,55 / 55,50 / 50,OF,0.31,40,23968
Ryan Lasko,CF,ATH,,21,22.8138888,20 / 30,45,40,PoleToPole,30 / 40,50 / 55,60 / 60,50 / 55,OF,0.36,40,sa3022539
Luis Arestigueta,SP,ATL,,21,19.5083333,,,,,,,,,,,40,sa3021521
Yahil Melendez,SS,CHC,,21,19.6166666,20 / 50,40,40,Pull,20 / 45,30 / 50,50 / 40,40 / 45,3B/SS,0.47,40,sa3022692
Mason Adams,SP,CHW,,21,25.15,,,,,,,,,,,40,sa3020388
Jaden Hill,SIRP,COL,,21,25.3194444,,,,,,,,,,,40,30250
Joseph Montalvo,SP,DET,,21,22.9527777,,,,,,,,,,,40,sa3018802
Michael Darrell-Hicks,SIRP,LAA,,21,27.4277777,,,,,,,,,,,40,31501
Mike Sirota,CF,LAD,,0,21.8361111,30 / 40,60,40,,35 / 50,50 / 55,60 / 60,40 / 50,,,40,
Everson Pereira,CF,NYY,,21,24.0194444,30 / 30,50,30,Oppo,40 / 50,60 / 60,60 / 50,40 / 45,OF,0.42,40,23695
Darell Morel,3B,PIT,,21,17.5888888,20 / 40,,40,,20 / 50,40 / 60,50 / 50,30 / 50,,,40,sa3066667
Will Klein,SIRP,SEA,,0,25.3861111,,,,,,,,,,,40,27787
Mason Black,SIRP,SFG,,21,25.3527777,,,,,,,,,,,40,30171
Fernando Perez,SP,TOR,,21,21.1805555,,,,,,,,,,,40,sa3018826
Devin Saltiban,CF,PHI,,21,20.175,20 / 30,50,30,Pull,25 / 55,45 / 55,60 / 60,20 / 45,,0.35,35+,sa3022827
Henry Baez,SP,SDP,,0,22.5138888,,,,,,,,,,,35+,sa3016584
Levi Wells,SIRP,BAL,,22,23.5722222,,,,,,,,,,,40+,sa3023441
Trevor Harrison,SP,TBR,,22,19.6916666,,,,,,,,,,,40+,sa3023629
Tim Tawa,1B,ARI,,22,26.0277777,30 / 35,40,40,Pull,45 / 50,55 / 55,40 / 40,40 / 40,1B/2B/LF/RF,0.48,40,29571
Carlos Pacheco,CF,ATH,,22,20.4611111,25 / 55,50,50,Pull,20 / 40,35 / 45,60 / 60,40 / 50,OF,0.23,40,sa3018455
John Gil,SS,ATL,,22,18.925,20 / 40,60,40,GapToGap,20 / 45,45 / 50,60 / 60,45 / 55,2B/SS,0.35,40,sa3021284
Benjamin Cowles,SS,CHC,,22,25.1722222,30 / 40,45,40,PoleToPole,40 / 45,45 / 50,50 / 50,45 / 50,2B/3B/SS,0.38,40,sa3016976
Ky Bush,SP,CHW,,22,25.4305555,,,,,,,,,,,40,29823
Andy Perez,SS,COL,,22,20.8722222,35 / 50,30,60,Oppo,30 / 45,35 / 50,50 / 50,40 / 50,2B/SS/3B,0.26,40,sa3015857
Max Anderson,2B,DET,,22,23.1305555,30 / 35,35,40,Oppo,30 / 50,55 / 60,50 / 50,40 / 50,,0.45,40,sa3022567
Jose Fermin,SIRP,LAA,,22,23.3861111,,,,,,,,,,,40,sa3023455
Brock Selvidge,SP,NYY,,22,22.6361111,,,,,,,,,,,40,sa3017950
Anthony Solometo,SP,PIT,,22,22.375,,,,,,,,,,,40,sa3018259
Trent Harris,SIRP,SFG,,22,26.2361111,,,,,,,,,,,40,sa3022526
Franklin Rojas,C,TOR,,22,18.075,25 / 50,50,55,GapToGap,20 / 45,40 / 45,30 / 30,40 / 50,,0.18,40,sa3025018
Enrique Segura,SP,PHI,,22,20.3277777,,,,,,,,,,,35+,sa3019147
Robert Hassell III,CF,WSN,,0,23.6722222,40 / 45,50,55,Oppo,30 / 40,40 / 45,55 / 55,45 / 50,OF,0.34,35+,sa3014701
Keyner Benitez,SP,MIA,,0,18.9,,,,,,,,,,,45,sa3021795
Esteban Mejia,SP,BAL,,23,18.1111111,,,,,,,,,,,40+,sa3024583
Dylan Lesko,SP,TBR,,23,21.6111111,,,,,,,,,,,40+,sa3020677
Pedro Catuy,CF,ARI,,23,19.2055555,20 / 35,40,40,GapToGap,20 / 50,40 / 60,60 / 60,45 / 60,OF,,40,sa3021061
Jack Perkins,SIRP,ATH,,23,25.3083333,,,,,,,,,,,40,sa3020076
Royber Salinas,MIRP,ATL,,23,24.0194444,,,,,,,,,,,40,sa3009243
Juan Cabada,SS,CHC,,23,16.9638888,25 / 55,,55,,20 / 45,35 / 45,55 / 55,40 / 45,,,40,
Wikelman González,MIRP,CHW,,23,23.0611111,,,,,,,,,,,40,sa3008687
Jared Thomas,LF,COL,,23,21.7944444,30 / 40,50,40,GapToGap,35 / 50,50 / 60,50 / 50,30 / 40,,,40,sa3025252
John Peck,SS,DET,,23,22.7472222,30 / 35,55,40,Oppo,35 / 45,55 / 55,45 / 45,40 / 45,2B/3B/SS,0.51,40,sa3022896
Camden Minacci,SIRP,LAA,,23,23.2583333,,,,,,,,,,,40,sa3022728
Roc Riggio,2B,NYY,,23,22.85,30 / 40,50,40,PoleToPole,35 / 45,50 / 55,50 / 50,45 / 60,,0.37,40,sa3022750
Billy Cook,CF,PIT,,23,26.2777777,30 / 35,50,35,Pull,40 / 50,55 / 55,70 / 70,40 / 45,1B/OF,0.38,40,29573
Nate Furman,2B,SFG,,23,23.7333333,55 / 60,60,60,Oppo,30 / 30,30 / 30,60 / 60,30 / 40,2B/LF,0.38,40,sa3020763
Andres Arias,RF,TOR,,23,18.5305555,20 / 40,50,40,InsideOut,20 / 55,40 / 60,50 / 50,30 / 50,,,40,sa3025145
Mavis Graves,SP,PHI,,23,21.4083333,,,,,,,,,,,35+,sa3021472
Caden Grice,SP,ARI,,24,22.8388888,,,,,,,,,,,40,sa3023166
Anthony Maldonado,SIRP,ATH,,24,26.6527777,,,,,,,,,,,40,26034
Carlos D. Rodriguez,CF,ATL,,24,24.3611111,60 / 60,50,60,SlashAndDash,30 / 30,35 / 35,50 / 50,50 / 50,OF,0.25,40,sa3005478
Michael Forret,MIRP,BAL,,24,21.0305555,,,,,,,,,,,40,sa3023479
Zac Leigh,SIRP,CHC,,24,27.425,,,,,,,,,,,40,sa3017873
Christian Oppor,MIRP,CHW,,24,20.7333333,,,,,,,,,,,40,sa3022950
Bradley Blalock,MIRP,COL,,24,24.3111111,,,,,,,,,,,40,26419
Roberto Campos,RF,DET,,24,21.8416666,30 / 45,45,45,Pull,35 / 50,50 / 55,50 / 50,35 / 55,LF/RF,0.38,40,sa3014683
Najer Victor,SIRP,LAA,,24,23.3861111,,,,,,,,,,,40,sa3025330
Sabier Marte,SP,NYY,,24,21.1861111,,,,,,,,,,,40,sa3019431
Jack Brannigan,SS,PIT,,24,24.1,30 / 40,50,40,GapToGap,30 / 50,50 / 55,50 / 50,40 / 50,2B/3B/SS,0.32,40,sa3019922
Wade Meckler,CF,SFG,,24,24.9888888,50 / 55,60,60,Oppo,30 / 35,30 / 35,50 / 50,40 / 40,OF,0.29,40,31490
Owen Wild,SP,TBR,,24,22.7138888,,,,,,,,,,,40,sa3023278
Juan Sanchez,SS,TOR,,24,17.5555555,20 / 40,,40,,25 / 50,45 / 55,40 / 40,40 / 45,,,40,
Connor Thomas,MIRP,MIL,,0,26.8833333,,,,,,,,,,,35+,25873
Robert Moore,SS,PHI,,24,23.0472222,30 / 40,50,45,Poles/Pull,30 / 34,40 / 40,60 / 60,45 / 45,2B/SS,0.27,35+,sa3019928
Jacob Steinmetz,SP,ARI,,25,21.7444444,,,,,,,,,,,40,sa3017976
Daniel Susac,C,ATH,,25,23.925,30 / 35,20,40,InsideOut,35 / 45,45 / 55,30 / 30,40 / 50,,0.37,40,sa3019997
Rolddy Munoz,SIRP,ATL,,25,25.0083333,,,,,,,,,,,40,sa3011575
Patrick Reilly,SP,BAL,,25,23.5277777,,,,,,,,,,,40,sa3023038
Jacob Gonzalez,SS,CHW,,25,22.8805555,30 / 40,55,40,GapToGap,30 / 45,50 / 50,40 / 40,45 / 50,2B/SS,0.31,40,sa3022498
Franco Aleman,SIRP,CLE,,0,24.8083333,,,,,,,,,,,40,sa3018178
Sean Sullivan,MIRP,COL,,25,22.7361111,,,,,,,,,,,40,sa3023162
RJ Petit,SIRP,DET,,25,25.5666666,,,,,,,,,,,40,sa3017848
Chalniel Arias,SP,NYY,,25,21.6,,,,,,,,,,,40,sa3019370
Tsung-Che Cheng,SS,PIT,,25,23.7805555,45 / 50,55,50,GapToGap,30 / 40,40 / 40,60 / 50,50 / 50,2B/SS,0.3,40,28344
Charlie Szykowny,3B,SFG,,25,24.7972222,40 / 50,30,55,PoleToPole,40 / 45,45 / 45,40 / 40,30 / 40,1B/3B,0.32,40,sa3022689
Gregory Barrios,SS,TBR,,25,21.025,35 / 55,50,60,Oppo,20 / 30,30 / 35,60 / 60,45 / 60,2B/SS,0.13,40,sa3015800
Dahian  Santos,MIRP,TOR,,25,22.1416666,,,,,,,,,,,40,sa3015282
Cristian Hernandez,SS,CHC,,25,21.3444444,20 / 30,40,20,Oppo,30 / 40,50 / 60,55 / 55,45 / 60,2B/3B/SS,0.41,35+,sa3015696
Colton Gordon,SP,HOU,,0,26.325,,,,,,,,,,,35+,sa3019426
Hayden Alvarez,CF,LAA,,25,18.0777777,20 / 45,60,45,GapToGap,20 / 40,30 / 50,60 / 60,40 / 50,LF/CF/RF,0.21,35+,sa3023906
Erick Brito,SS,PHI,,25,22.8944444,35 / 55,30,60,InsideOut,20 / 30,30 / 30,50 / 50,40 / 45,2B/3B/SS,0.27,35+,sa3011753
Christian Cerda,C,ARI,,26,22.3055555,30 / 40,60,40,GapToGap,30 / 40,40 / 50,30 / 30,40 / 55,,0.32,40,sa3015623
Jared Johnson,SIRP,ATH,,26,24.0888888,,,,,,,,,,,40,sa3011626
Jhancarlos  Lara,SIRP,ATL,,26,22.2555555,,,,,,,,,,,40,sa3019367
Trace Bright,SP,BAL,,26,24.475,,,,,,,,,,,40,sa3020558
Samuel Zavala,CF,CHW,,26,20.7555555,20 / 35,50,30,Pull,20 / 45,45 / 55,50 / 50,40 / 55,OF,0.41,40,sa3015718
Jack Mahoney,SP,COL,,26,23.6777777,,,,,,,,,,,40,sa3023157
Michael Massey,SIRP,DET,,26,22.0333333,,,,,,,,,,,40,sa3037259
Juan Matheus,SS,NYY,,26,20.9666666,35 / 55,50,60,PoleToPole,30 / 40,35 / 40,55 / 55,40 / 50,2B/3B/SS,0.28,40,sa3018611
Jeral Toledo,2B,PIT,,26,22.2361111,35 / 55,45,55,GapToGap,30 / 40,35 / 40,50 / 50,40 / 50,,0.23,40,sa3015590
Jack Choate,MIRP,SFG,,26,23.9972222,,,,,,,,,,,40,sa3020407
Émilien Pitre,2B,TBR,,26,22.5361111,35 / 55,55,55,Oppo,30 / 40,40 / 45,50 / 50,45 / 60,,0.35,40,sa3025391
Juaron Watts-Brown,MIRP,TOR,,26,23.15,,,,,,,,,,,40,sa3023352
Fernando Cruz,SS,CHC,,26,18.4277777,20 / 40,45,40,GapToGap,20 / 45,40 / 55,60 / 60,45 / 60,,0.32,35+,sa3024303
Trey Gregory-Alford,SIRP,LAA,,26,20.9472222,,,,,,,,,,,35+,
Juan Villavicencio,SS,PHI,,26,20.3972222,30 / 45,45,45,PoleToPole,30 / 40,30 / 40,55 / 55,40 / 50,2B/3B/SS,0.38,35+,sa3018494
Cristofer Torin,2B,ARI,,27,19.8916666,25 / 60,55,70,Pull,20 / 30,20 / 30,40 / 40,30 / 50,2B/3B,0.2,40,sa3018938
Cade Kuehler,SIRP,ATL,,27,22.8972222,,,,,,,,,,,40,sa3023306
Stiven Martinez,RF,BAL,,27,17.6916666,20 / 40,,,,20 / 55,40 / 60,40 / 40,30 / 45,,,40,sa3024627
Jarold Rosado,SIRP,CHW,,27,22.7611111,,,,,,,,,,,40,sa3016502
Julio Carreras,SS,COL,,27,25.2638888,30 / 30,40,30,Oppo,20 / 30,40 / 40,60 / 60,55 / 60,2B/SS/3B,0.37,40,sa3005598
Mani Cedeno,SS,NYY,,27,16.675,20 / 50,,50,,20 / 40,30 / 40,50 / 50,45 / 55,,,40,
Keiner Delgado,SS,PIT,,27,21.2833333,20 / 40,45,40,Pull,20 / 40,35 / 45,60 / 60,40 / 55,2B/SS,0.25,40,sa3018397
Kameron Misner,CF,TBR,,27,27.275,30 / 30,55,40,,45 / 50,60 / 60,55 / 55,50 / 50,,,40,26374
T.J. Brock,SIRP,TOR,,27,25.6861111,,,,,,,,,,,40,sa3020079
Colby Thomas,LF,ATH,,27,24.225,20 / 30,30,30,Pull,45 / 50,55 / 55,50 / 50,50 / 50,LF,0.4,35+,sa3020713
Eli Lovich,RF,CHC,,27,19.7083333,20 / 45,50,45,Oppo,20 / 55,45 / 60,40 / 40,30 / 50,,,35+,
Franyerber Montilla,SS,DET,,27,20.0055555,30 / 45,60,45,Pull,30 / 40,40 / 45,55 / 55,40 / 50,2B/SS,0.35,35+,sa3018580
Anyelo Marquez,2B,LAA,,27,19.3472222,25 / 55,50,55,Pull,20 / 40,30 / 45,40 / 40,40 / 50,,0.1,35+,sa3021178
Juan Amarante,SIRP,PHI,,27,21.0083333,,,,,,,,,,,35+,sa3019048
Jose Bello,SP,SFG,,27,19.8833333,,,,,,,,,,,35+,sa3021530
Alberto Barriga,C,ARI,,28,20.4222222,35 / 55,60,60,Pull,20 / 30,30 / 40,55 / 55,45 / 60,C/2B,0.32,40,sa3018595
Keeler Morfe,SP,BAL,,28,18.8555555,,,,,,,,,,,40,sa3022239
Nick Nastrini,SIRP,CHW,,28,25.1638888,,,,,,,,,,,40,29833
Christian Cairo,SS,CLE,,0,23.85,40 / 50,60,55,GapToGap,20 / 30,30 / 30,50 / 50,60 / 60,2B/3B/SS,0.27,40,sa3010028
Yeiker Reyes,CF,COL,,28,19.5,20 / 55,70,50,SlashAndDash,20 / 30,20 / 30,55 / 60,40 / 55,OF,0.15,40,sa3021126
Yoendrys Gómez,MIRP,NYY,,28,25.5055555,,,,,,,,,,,40,22872
Zander Mueth,SIRP,PIT,,28,19.8194444,,,,,,,,,,,40,sa3023569
Will Simpson,1B,TBR,,28,23.6361111,35 / 45,40,40,PoleToPole,40 / 50,55 / 60,30 / 30,45 / 50,,0.53,40,sa3022530
Connor Cooke,SIRP,TOR,,28,25.4583333,,,,,,,,,,,40,sa3017822
Henry Bolte,RF,ATH,,28,21.7027777,20 / 30,40,30,PoleToPole,30 / 40,55 / 60,80 / 80,40 / 50,LF/RF,0.51,35+,sa3020006
Elison Joseph,SIRP,ATL,,28,24.2305555,,,,,,,,,,,35+,sa3015306
Ty Southisene,SS,CHC,,28,19.775,20 / 40,50,55,Oppo,20 / 35,35 / 40,60 / 60,35 / 50,2B/SS,,35+,
Enrique Jimenez,C,DET,,28,19.4555555,20 / 40,50,40,GapToGap,20 / 40,40 / 45,30 / 30,40 / 50,,0.42,35+,sa3021091
Yeferson Vargas,SIRP,LAA,,28,20.7027777,,,,,,,,,,,35+,sa3021044
Dylan Campbell,RF,PHI,,28,22.7916666,30 / 50,45,55,GapToGap,30 / 45,45 / 45,50 / 50,35 / 60,LF/RF,0.31,35+,sa3022751
Lisbel Diaz,RF,SFG,,28,19.7444444,20 / 40,35,45,Pull,20 / 45,45 / 55,50 / 50,30 / 50,LF/RF,0.33,35+,sa3022399
Luis Curvelo,SIRP,TEX,,0,24.4888888,,,,,,,,,,,35+,sa3008169
Andry Lara,SP,WSN,,0,22.2805555,,,,,,,,,,,35+,sa3014716
Michael Arias,MIRP,NYY,,29,23.4222222,,,,,,,,,,,40,sa3017036
Reinold Navarro,SIRP,PIT,,29,18.4888888,,,,,,,,,,,40,sa3024459
Jake Mangum,CF,TBR,,29,29.1083333,50 / 60,20,70,Oppo,30 / 30,40 / 40,55 / 55,45 / 45,OF,0.39,40,26202
Listher Sosa,SIRP,ARI,,29,23.6138888,,,,,,,,,,,40,sa3009725
Kiefer Lord,SIRP,BAL,,29,22.8194444,,,,,,,,,,,40,sa3023135
Eric Adler,SIRP,CHW,,29,24.5138888,,,,,,,,,,,40,sa3020592
Roynier Hernandez,3B,COL,,29,20.3638888,35 / 55,60,60,GapToGap,20 / 30,30 / 30,45 / 45,45 / 60,2B/3B,0.26,40,sa3018495
John Spikerman,CF,PHI,,29,22.0416666,30 / 40,50,40,Gaps/Oppo,30 / 40,40 / 40,60 / 60,45 / 55,OF,0.19,35+,sa3025197
Carlos Gutierrez,LF,SFG,,29,20.6527777,35 / 55,45,60,GapToGap,30 / 40,30 / 40,50 / 50,30 / 50,,,35+,sa3022336
Jace Bohrofen,CF,TOR,,29,23.4944444,30 / 30,60,30,GapToGap,35 / 45,55 / 55,50 / 50,40 / 45,OF,0.45,35+,sa3022653
Darwin Ozuna,RF,ATH,,29,17.0638888,20 / 30,,30,,20 / 45,40 / 60,60 / 60,30 / 50,,,35+,
Kevin Kilpatrick Jr.,CF,ATL,,29,24.3944444,20 / 30,60,30,Oppo,20 / 40,45 / 45,60 / 60,45 / 60,OF,0.42,35+,sa3019891
Ronny Cruz,SS,CHC,,29,18.6472222,20 / 35,,40,GapToGap,25 / 55,45 / 60,45 / 40,30 / 50,,,35+,
Chase Lee,SIRP,DET,,29,26.6777777,,,,,,,,,,,35+,sa3016946
Yendy Gomez,SIRP,LAA,,29,21.3277777,,,,,,,,,,,35+,sa3016287
Elian De La Cruz,RF,ARI,,30,17.5611111,20 / 40,,40,,25 / 55,50 / 60,40 / 40,30 / 50,,,40,
Dylan Beavers,CF,BAL,,30,23.6833333,30 / 50,55,45,GapToGap,35 / 40,45 / 45,55 / 55,40 / 45,OF,0.33,40,sa3019983
Pierce George,SIRP,CHW,,30,21.8527777,,,,,,,,,,,40,sa3025520
Yujanyer Herrera,SIRP,COL,,30,21.6666666,,,,,,,,,,,40,sa3015370
Thatcher Hurd,MIRP,NYY,,30,22.3555555,,,,,,,,,,,40,
Tanner Murray,2B,TBR,,30,25.6222222,40 / 50,40,55,GapToGap,40 / 45,50 / 50,40 / 40,40 / 40,1B/2B/3B/SS,0.41,40,sa3016805
Jacob Lopez,MIRP,ATH,,30,27.1,,,,,,,,,,,35+,25098
Luis Guanipa,CF,ATL,,30,19.3388888,20 / 45,50,55,Pull,20 / 40,40 / 45,60 / 60,40 / 50,OF,0.31,35+,sa3020884
Wilfri De La Cruz,3B,CHC,,30,17.5888888,20 / 45,,45,,20 / 45,40 / 50,40 / 40,30 / 50,,,35+,
Tyler Owens,SIRP,DET,,30,24.2722222,,,,,,,,,,,35+,sa3011201
Juan Bello,SP,HOU,,0,21.0305555,,,,,,,,,,,35+,sa3019615
Keythel Key,SIRP,LAA,,30,21.5194444,,,,,,,,,,,35+,sa3016282
Travis Adams,SP,MIN,,0,25.2444444,,,,,,,,,,,35+,sa3017991
Carson DeMartini,3B,PHI,,30,22.3055555,20 / 30,50,30,Pull,35 / 50,50 / 55,40 / 40,30 / 50,,0.3,35+,sa3025198
Po-Yu Chen,SP,PIT,,30,23.5416666,,,,,,,,,,,35+,sa3014699
Angel Guzman,LF,SFG,,30,19.4222222,25 / 50,50,50,GapToGap,20 / 50,40 / 50,50 / 50,30 / 50,LF/RF,0.42,35+,sa3021268
Mason Fluharty,SIRP,TOR,,30,23.6777777,,,,,,,,,,,35+,31553
Creed Willems,C,BAL,,31,21.8694444,30 / 35,35,40,PoleToPole,45 / 55,55 / 55,20 / 20,35 / 45,C/1B,0.43,40,sa3017562
Peyton Pallette,SIRP,CHW,,31,23.9388888,,,,,,,,,,,40,sa3020742
Luichi Casilla,SIRP,COL,,31,20.3083333,,,,,,,,,,,40,sa3018332
Anderson Pilar,SIRP,MIA,,0,27.125,,,,,,,,,,,40,sa917899
T.J. Rumfield,1B,NYY,,31,24.9166666,50 / 55,50,55,PoleToPole,40 / 45,45 / 45,30 / 30,40 / 40,,0.37,40,sa3017330
Drew Dowd,SP,TBR,,31,23.2888888,,,,,,,,,,,40,sa3023509
Pedro Blanco,1B,ARI,,31,17.9861111,20 / 45,50,40,Pull,25 / 60,45 / 60,40 / 30,30 / 40,1B/LF,0.34,35+,sa3023945
Sam Stuhr,SP,ATH,,31,22.6916666,,,,,,,,,,,35+,
Dylan Dodd,SP,ATL,,31,26.8638888,,,,,,,,,,,35+,29928
Caleb Kilian,MIRP,CHC,,31,27.875,,,,,,,,,,,35+,26213
Tanner Kohlhepp,SIRP,DET,,31,25.8888888,,,,,,,,,,,35+,sa3022238
David Mershon,CF,LAA,,31,21.8972222,30 / 35,40,40,GapToGap,20 / 30,35 / 35,70 / 70,40 / 55,2B/SS/CF,0.21,35+,sa3025335
Jaydenn  Estanista,SIRP,PHI,,31,23.5388888,,,,,,,,,,,35+,sa3016230
Dominic Perachi,SP,PIT,,31,24.1388888,,,,,,,,,,,35+,sa3020841
Marques Johnson,SIRP,SFG,,31,24.7861111,,,,,,,,,,,35+,sa3020741
Ryan Jennings,SIRP,TOR,,31,25.8166666,,,,,,,,,,,35+,sa3020634
Elis Cuevas,CF,BAL,,32,20.4138888,30 / 40,50,40,Pull,35 / 45,40 / 50,55 / 55,40 / 45,1B/OF,0.31,40,sa3019509
Seth Keener,SIRP,CHW,,32,23.5361111,,,,,,,,,,,40,sa3022949
Brando Mayea,CF,NYY,,32,19.5972222,20 / 30,50,40,Oppo,20 / 40,35 / 45,60 / 60,45 / 60,OF,0.38,40,sa3020679
Nathan Flewelling,C,TBR,,32,18.4333333,20 / 40,40,40,Oppo,20 / 50,45 / 60,40 / 30,30 / 40,,,40,
Gian Zapata,CF,ARI,,32,19.5944444,20 / 30,50,40,InsideOut,20 / 55,45 / 55,60 / 55,40 / 50,,0.22,35+,sa3021079
Ryan Cusick,SIRP,ATH,,32,25.4305555,,,,,,,,,,,35+,sa3017385
Herick Hernandez,SIRP,ATL,,32,21.6833333,,,,,,,,,,,35+,sa3025588
Will Sanders,SP,CHC,,32,23.0472222,,,,,,,,,,,35+,sa3023508
Andrew Navigato,SS,DET,,32,26.8861111,40 / 45,50,45,GapToGap,40 / 45,50 / 50,45 / 45,40 / 40,2B/3B/SS/LF/RF,0.34,35+,sa3010703
Matthew Lugo,LF,LAA,,32,23.9388888,30 / 40,45,50,Pull,40 / 50,50 / 55,55 / 55,45 / 50,3B/LF,0.48,35+,sa1169598
Carlos Caro,2B,PIT,,32,20.4527777,25 / 50,60,50,GapToGap,25 / 40,35 / 45,50 / 50,35 / 45,,0.24,35+,sa3021325
Brayan Narvaez,SP,SFG,,32,20.4916666,,,,,,,,,,,35+,sa3022133
Anders Tolhurst,SIRP,TOR,,32,25.5944444,,,,,,,,,,,35+,sa3019818
Kade Strowd,SIRP,BAL,,33,27.5833333,,,,,,,,,,,40,sa3011418
Carson Coleman,SIRP,NYY,,33,27.0277777,,,,,,,,,,,40,sa3014857
Maykel Coret,RF,TBR,,33,17.5638888,20 / 30,,30,,25 / 50,45 / 60,55 / 55,35 / 60,,,40,
Blake Walston,SP,ARI,,33,23.8027777,,,,,,,,,,,35+,26270
Justin Sterner,SIRP,ATH,,33,28.6333333,,,,,,,,,,,35+,27694
Logan Samuels,SP,ATL,,33,23.1638888,,,,,,,,,,,35+,sa3025571
Pedro Ramirez,3B,CHC,,33,21.0444444,35 / 55,50,55,GapToGap,20 / 30,35 / 40,40 / 40,35 / 55,2B/3B/LF,0.43,35+,sa3015834
Blake Larson,SP,CHW,,33,19.1666666,,,,,,,,,,,35+,
Doug Nikhazy,MIRP,CLE,,0,25.6833333,,,,,,,,,,,35+,sa3018110
Michael Prosecky,SP,COL,,33,24.1305555,,,,,,,,,,,35+,sa3020526
Josh Randall,SP,DET,,33,22.5055555,,,,,,,,,,,35+,sa3025585
Jadiel Sanchez,RF,LAA,,33,23.9361111,35 / 55,45,55,GapToGap,30 / 40,40 / 45,50 / 50,40 / 50,LF/RF,0.31,35+,sa3011629
Eddie Rynders,3B,PIT,,33,19.4638888,20 / 45,,45,PoleToPole,25 / 50,45 / 55,50 / 50,30 / 40,,,35+,sa3066663
Jonah Cox,CF,SFG,,33,23.7027777,30 / 30,30,50,Oppo,30 / 40,45 / 50,70 / 70,50 / 50,OF,0.39,35+,sa3022541
Charles McAdoo,3B,TOR,,33,23.1138888,30 / 35,50,30,GapToGap,50 / 50,55 / 60,40 / 40,30 / 40,1B/3B/LF/RF,0.4,35+,sa3022823
Tavian Josenberger,CF,BAL,,34,23.4833333,40 / 55,55,45,Poles/Pull,30 / 35,35 / 40,55 / 55,45 / 45,2B/OF,0.21,40,sa3022808
Warel Solano,SS,TBR,,34,17.5777777,20 / 40,,40,,20 / 45,40 / 55,50 / 50,40 / 50,,,40,
Juan Corniel,SS,ARI,,34,22.5416666,20 / 30,40,50,GapToGap,20 / 30,30 / 35,60 / 60,60 / 70,2B/3B/SS,0.25,35+,sa3015169
Stevie Emanuels,SIRP,ATH,,34,26.2138888,,,,,,,,,,,35+,sa3014698
Jorge Juan,SIRP,ATL,,34,26.1138888,,,,,,,,,,,35+,sa3005826
BJ Murray Jr.,3B,CHC,,34,25.2833333,45 / 50,60,50,Oppo/Pull,40 / 40,45 / 45,45 / 45,50 / 55,1B/3B,0.34,35+,sa3017287
Wilfred Veras,RF,CHW,,34,22.4222222,30 / 30,40,30,InsideOut,40 / 55,60 / 70,40 / 40,30 / 45,LF/RF,0.49,35+,sa3015178
Isaiah Coupet,MIRP,COL,,34,22.5555555,,,,,,,,,,,35+,sa3023156
Gabriel Reyes,SIRP,DET,,34,21.7944444,,,,,,,,,,,35+,sa3016833
Eric Cerantola,SIRP,KCR,,0,24.9583333,,,,,,,,,,,35+,sa3017914
Rio Foster,RF,LAA,,34,21.8305555,20 / 30,40,30,GapToGap,35 / 55,55 / 60,45 / 45,30 / 50,LF/RF,0.39,35+,sa3022491
Jorbit Vivas,2B,NYY,,34,24.1055555,50 / 50,50,60,Pull,30 / 40,40 / 40,50 / 50,40 / 40,2B/3B,0.27,35+,sa3005511
Sammy Siani,RF,PIT,,34,24.3416666,50 / 50,45,55,PoleToPole,40 / 40,40 / 40,55 / 55,45 / 45,LF/RF,0.32,35+,sa3010704
Brett Auerbach,2B,SFG,,34,26.6388888,30 / 30,40,40,GapToGap,30 / 40,50 / 50,55 / 55,45 / 45,2B/3B/LF/RF,0.42,35+,sa3014941
Yohendrick Pinango,LF,TOR,,34,22.9444444,30 / 40,40,50,Oppo,35 / 45,55 / 55,40 / 40,40 / 40,LF/RF,0.41,35+,sa3009539
Frederick Bencosme,SS,BAL,,35,22.3111111,40 / 55,50,60,Pull,30 / 30,30 / 30,45 / 45,40 / 45,2B/SS,0.28,40,sa3016779
Raymer Medina,2B,TBR,,35,17.4638888,25 / 50,,55,,20 / 40,35 / 45,50 / 50,40 / 50,,,40,
Jose Alpuria,CF,ARI,,35,20.1805555,20 / 40,40,40,Grounders,20 / 45,35 / 50,70 / 70,40 / 55,OF,0.22,35+,sa3018562
Gage Jump,SIRP,ATH,,35,22.0138888,,,,,,,,,,,35+,
David McCabe,3B,ATL,,35,25.0611111,35 / 45,55,55,Poles/Oppo,40 / 55,60 / 60,30 / 30,30 / 40,1B/3B,0.43,35+,sa3019964
Brett Bateman,CF,CHC,,35,23.0777777,35 / 55,50,60,Oppo,20 / 30,30 / 40,60 / 60,40 / 50,OF,0.27,35+,sa3022603
Javier Mogollon,2B,CHW,,35,19.4611111,20 / 30,50,20,InsideOut,25 / 50,45 / 55,60 / 60,30 / 50,,0.49,35+,sa3021855
Ryan Ritter,SS,COL,,35,24.4361111,30 / 30,40,30,GapToGap,30 / 40,50 / 50,50 / 50,40 / 50,2B/SS,0.28,35+,sa3020206
Dylan Smith,SIRP,DET,,35,24.8861111,,,,,,,,,,,35+,sa3018113
Felix Morrobel,SS,LAA,,35,19.5638888,20 / 40,40,40,GapToGap,20 / 45,45 / 55,50 / 45,40 / 50,,0.06,35+,sa3021103
Francisco Vilorio,RF,NYY,,35,18.4638888,20 / 35,40,40,InsideOut,25 / 55,50 / 70,50 / 50,30 / 50,,0.33,35+,sa3023893
Axiel Plaz,C,PIT,,35,19.6805555,20 / 30,40,40,Oppo,20 / 45,55 / 55,20 / 20,30 / 50,,0.41,35+,sa3018480
Diego Velasquez,SS,SFG,,35,21.5444444,30 / 50,50,55,Gaps/Oppo,20 / 30,40 / 40,40 / 40,40 / 45,2B/SS,0.26,35+,sa3016144
Dasan Brown,CF,TOR,,35,23.5611111,30 / 35,40,35,GapToGap,35 / 40,40 / 45,80 / 80,50 / 60,OF,,35+,sa3011717
Leandro Arias,SS,BAL,,36,20.2,30 / 40,55,45,Gaps/Oppo,30 / 40,40 / 45,50 / 50,40 / 55,2B/3B/SS,0.32,40,sa3018433
Leonardo Pineda,CF,TBR,,36,17.9888888,20 / 40,60,40,Pull,25 / 45,30 / 45,60 / 60,45 / 60,OF,0.24,40,sa3023721
Tytus Cissell,SS,ARI,,36,19.0305555,20 / 40,40,40,Pull,25 / 45,40 / 50,55 / 55,40 / 55,2B/SS/CF,,35+,
CJ Alexander,3B,ATH,,36,28.75,30 / 30,30,40,Pull,50 / 50,55 / 55,45 / 45,50 / 50,1B/3B/LF,0.42,35+,20557
Juan Mateo,SS,ATL,,36,17.9027777,25 / 55,45,60,GapToGap,20 / 40,20 / 40,55 / 55,30 / 45,,0.03,35+,sa3024340
Riley Martin,SIRP,CHC,,36,27.0777777,,,,,,,,,,,35+,sa3017601
Carson Jacobs,SIRP,CHW,,36,23.6666666,,,,,,,,,,,35+,sa3022872
Braylen Wimmer,SS,COL,,36,24.3333333,30 / 30,50,35,GapToGap,30 / 40,45 / 45,45 / 45,40 / 50,SS/3B,0.36,35+,sa3022671
Wilmer Flores,MIRP,DET,,36,24.1583333,,,,,,,,,,,35+,sa3015223
Bryan Martinez,RF,LAA,,36,19.3083333,20 / 40,45,45,GapToGap,20 / 55,40 / 55,40 / 40,30 / 50,1B/LF/RF,0.29,35+,sa3021600
Richard Matic,3B,NYY,,36,17.725,20 / 40,40,45,Pull,20 / 55,50 / 65,40 / 30,30 / 40,,0.17,35+,sa3023749
Brandan Bidois,SIRP,PIT,,36,23.8222222,,,,,,,,,,,35+,sa3015277
Maui Ahuna,SS,SFG,,36,23.1,20 / 30,50,40,Oppo,30 / 40,50 / 50,50 / 50,45 / 55,2B/SS/3B,0.49,35+,sa3023373
Josh Rivera,SS,TOR,,36,22.5194444,20 / 30,40,30,InsideOut,30 / 40,50 / 50,50 / 50,50 / 55,,0.35,35+,sa3022590
Emilio Sanchez,SS,BAL,,37,18.0111111,20 / 50,60,50,Slash&Dash,20 / 30,20 / 30,50 / 50,45 / 55,SS/3B,0.17,40,sa3024110
T.J. Nichols,MIRP,TBR,,37,22.8138888,,,,,,,,,,,40,sa3023039
Ivan Luciano,C,ARI,,37,18.3972222,20 / 50,40,40,GapToGap,20 / 45,30 / 45,40 / 40,30 / 50,,,35+,
Myles Naylor,3B,ATH,,37,20.0055555,20 / 40,40,40,InsideOut,20 / 50,45 / 60,40 / 40,30 / 55,,0.42,35+,sa3022605
Mario Baez,SS,ATL,,37,18.6444444,20 / 45,40,40,Pull,20 / 40,35 / 45,55 / 50,40 / 50,2B/SS,,35+,sa3021286
Nick Dean,MIRP,CHC,,37,24.3083333,,,,,,,,,,,35+,sa3023506
Mike Vasil,SP,CHW,,37,25.0777777,,,,,,,,,,,35+,30105
Kyle Karros,3B,COL,,37,22.725,30 / 40,40,50,PoleToPole,30 / 50,40 / 50,30 / 30,35 / 60,,0.37,35+,sa3022559
Paul Wilson,SP,DET,,37,20.35,,,,,,,,,,,35+,sa3023596
Austin Gordon,SP,LAA,,37,21.8416666,,,,,,,,,,,35+,
Antonio Gomez,C,NYY,,37,23.4277777,20 / 20,30,30,Pull,30 / 30,50 / 50,30 / 30,50 / 60,,0.5,35+,sa3008746
Cy Nielson,SIRP,PIT,,37,24.1444444,,,,,,,,,,,35+,sa3020321
Aeverson Arteaga,SS,SFG,,37,22.0861111,20 / 30,40,40,Oppo,30 / 40,40 / 40,50 / 50,40 / 50,2B/SS/3B,0.28,35+,sa3014707
Edward Duran,C,TOR,,37,20.8833333,20 / 30,45,40,Oppo,20 / 30,30 / 40,30 / 30,45 / 60,,0.2,35+,sa3016719
José Peña,SS,BAL,,38,16.6694444,20 / 45,,,,20 / 50,30 / 50,60 / 60,40 / 50,,,40,sa3067127
Ben Peoples,SIRP,TBR,,38,23.9611111,,,,,,,,,,,40,sa3011784
Junior Ciprian,SP,ARI,,38,19.875,,,,,,,,,,,35+,sa3023107
Yunior Tur,SIRP,ATH,,38,25.6888888,,,,,,,,,,,35+,sa3021045
Derniche Valdez,SS,CHC,,38,19.05,20 / 30,20,40,PoleToPole,20 / 50,55 / 70,60 / 60,40 / 50,2B/SS,0.55,35+,sa3021068
Owen White,SP,CHW,,38,25.6888888,,,,,,,,,,,35+,22273
Derek Bernard,LF,COL,,38,19.6888888,20 / 30,40,45,GapToGap,25 / 55,55 / 60,40 / 40,30 / 50,,0.46,35+,sa3018477
Carson Rucker,3B,DET,,38,20.6638888,20 / 40,50,40,,20 / 50,40 / 55,40 / 40,30 / 50,,,35+,sa3022926
Carlos Espinosa,SIRP,LAA,,38,23.6916666,,,,,,,,,,,35+,sa3019549
Luis Serna,SP,NYY,,38,20.7416666,,,,,,,,,,,35+,sa3016528
Jaden Woods,SIRP,PIT,,38,23.2111111,,,,,,,,,,,35+,sa3023064
Cole Foster,SS,SFG,,38,23.525,20 / 30,40,40,Gaps/Pull,30 / 30,40 / 40,40 / 40,45 / 55,2B/SS,0.28,35+,sa3022673
Kai Peterson,SIRP,TOR,,38,22.675,,,,,,,,,,,35+,sa3023453
Evan Reifert,SIRP,TBR,,39,25.925,,,,,,,,,,,40,sa3014860
Lebarron Johnson Jr.,SIRP,COL,,39,22.8277777,,,,,,,,,,,35+,
Andrew Dunford,SP,DET,,39,20.2833333,,,,,,,,,,,35+,sa3023086
Fulton Lockhart,SIRP,LAA,,39,21.2972222,,,,,,,,,,,35+,sa3025301
Franyer Herrera,SP,NYY,,39,19.9555555,,,,,,,,,,,35+,sa3019520
Niko Mazza,MIRP,SFG,,39,23.1583333,,,,,,,,,,,35+,sa3037404
Bo Bonds,SIRP,TOR,,39,24.2694444,,,,,,,,,,,35+,sa3022938
Kyle Amendt,SIRP,ARI,,39,25.0333333,,,,,,,,,,,35+,sa3022904
Nate Nankil,RF,ATH,,39,22.5027777,35 / 50,50,50,GapToGap,30 / 40,50 / 55,40 / 40,40 / 50,LF/RF,0.37,35+,sa3022532
Kyle Brnovich,SP,BAL,,39,27.4916666,,,,,,,,,,,35+,sa3014923
Greg Jones,CF,CHW,,39,27.1111111,20 / 20,40,20,Gaps/Oppo,30 / 30,55 / 55,80 / 80,55 / 70,2B/SS/CF,0.48,35+,25448
Jackson Lancaster,SIRP,TBR,,40,26.0694444,,,,,,,,,,,40,sa3021468
Edgar Isea,SIRP,ARI,,40,22.6583333,,,,,,,,,,,35+,sa3009936
Richard Fernandez,SIRP,ATH,,40,22.5694444,,,,,,,,,,,35+,sa3018898
Alex Pham,SP,BAL,,40,25.5222222,,,,,,,,,,,35+,sa3017550
Alejandro Cruz,3B,CHW,,40,18.2916666,20 / 40,,40,,20 / 40,30 / 45,40 / 40,35 / 60,,,35+,
Sandy Ozuna,SP,COL,,40,18.8944444,,,,,,,,,,,35+,sa3021041
Ubaldo Soto,SP,LAA,,40,18.7638888,,,,,,,,,,,35+,sa3022015
Ben Shields,SIRP,NYY,,40,26.2333333,,,,,,,,,,,35+,sa3023483
Drake George,SIRP,SFG,,40,23.5472222,,,,,,,,,,,35+,sa3067033
Sam Shaw,LF,TOR,,40,19.1444444,25 / 60,50,70,GapToGap,20 / 30,30 / 35,40 / 40,30 / 50,,0.21,35+,sa3022889
Austin Vernon,SIRP,TBR,,41,26.1916666,,,,,,,,,,,40,sa3017138
Sam Knowlton,SIRP,ARI,,41,24.8388888,,,,,,,,,,,35+,sa3023467
Breyson Guedez,LF,ATH,,41,17.5527777,20 / 30,,30,,25 / 50,45 / 55,50 / 50,30 / 55,,,35+,
Thomas Sosa,LF,BAL,,41,20.2472222,20 / 35,45,40,PoleToPole,35 / 50,55 / 60,55 / 50,30 / 40,LF,0.42,35+,sa3018566
Gregory Sanchez,SP,COL,,41,18.2638888,,,,,,,,,,,35+,sa3024267
Francis Texido,MIRP,LAA,,41,20.0444444,,,,,,,,,,,35+,sa3021028
Chris Kean,SIRP,NYY,,41,22.8472222,,,,,,,,,,,35+,sa3023576
Yulian Barreto,SS,SFG,,41,17.5694444,20 / 40,,40,,20 / 30,30 / 40,50 / 50,40 / 55,,,35+,
J.J. D'Orazio,C,ARI,,42,23.3027777,30 / 35,40,40,Oppo,30 / 40,45 / 50,30 / 30,40 / 50,,0.35,35+,sa3008876
Elvis Alvarado,SIRP,ATH,,42,26.15,,,,,,,,,,,35+,sa919291
Joshua Liranzo,3B,BAL,,42,18.6444444,20 / 40,40,40,PoleToPole,25 / 55,45 / 60,40 / 40,30 / 50,,0.34,35+,sa3021198
Kamuel Villar,SS,COL,,42,17.6166666,20 / 40,,40,,20 / 45,40 / 50,50 / 50,30 / 45,,,35+,
Jack Dashwood,SIRP,LAA,,42,27.4166666,,,,,,,,,,,35+,sa3015035
Jerson Alejandro,SP,NYY,,42,19.15,,,,,,,,,,,35+,sa3021533
Djean Macares,CF,SFG,,42,16.9611111,25 / 55,,55,,20 / 40,30 / 40,50 / 50,40 / 45,,,35+,
Logan Workman,SP,TBR,,42,26.3638888,,,,,,,,,,,35+,sa3017313
Jack Hurley,CF,ARI,,43,23.0944444,20 / 30,40,30,GapToGap,30 / 40,50 / 50,55 / 55,40 / 50,OF,0.38,35+,sa3022564
Noah Murdock,SIRP,ATH,,43,26.6583333,,,,,,,,,,,35+,27908
Nate George,CF,BAL,,43,18.8694444,20 / 45,45,45,InsideOut,20 / 50,40 / 55,55 / 55,30 / 45,,,35+,sa3067128
Luis Velasquez,SIRP,NYY,,43,23.7944444,,,,,,,,,,,35+,sa3010135
Yohendry Sanchez,C,SFG,,43,18.4388888,20 / 30,,,,20 / 45,45 / 55,20 / 20,40 / 50,,,35+,sa3023896
Jose Fernandez,SS,ARI,,44,21.5694444,20 / 30,40,30,Oppo,20 / 40,35 / 50,50 / 50,45 / 60,3B/SS,0.3,35+,sa3015204
Yaqui Rivera,SIRP,BAL,,44,21.7444444,,,,,,,,,,,35+,sa3015504
Thomas  Balboni Jr.,SIRP,NYY,,44,24.7805555,,,,,,,,,,,35+,sa3020861
Hayden Wynja,SIRP,SFG,,44,26.5083333,,,,,,,,,,,35+,sa3020464
Trevor Martin,SP,TBR,,44,24.3388888,,,,,,,,,,,35+,sa3020608
Yereny Teus,MIRP,TBR,,44,21.7111111,,,,,,,,,,,35+,sa3020978
Kenny Castillo,C,ARI,,45,20.9277777,30 / 30,50,30,GapToGap,30 / 35,30 / 45,20 / 20,45 / 60,,0.41,35+,sa3015863
Gerald Ogando,SIRP,BAL,,45,24.7194444,,,,,,,,,,,35+,sa3005026
Hansel Rosario,SIRP,NYY,,45,22.7,,,,,,,,,,,35+,sa3019247
Cale Lansville,SP,SFG,,45,22.2805555,,,,,,,,,,,35+,sa3023176
Logan Driscoll,C,TBR,,45,27.4555555,40 / 40,50,40,PoleToPole,40 / 40,50 / 50,30 / 30,50 / 50,,0.35,35+,25475
Roman Angelo,MIRP,ARI,,46,24.9166666,,,,,,,,,,,35+,sa3022737
Ty Weatherly,MIRP,BAL,,46,24.5777777,,,,,,,,,,,35+,sa3023130
Braxton Roxby,SIRP,SFG,,46,26.0972222,,,,,,,,,,,35+,sa3014811
Colton Ledbetter,CF,TBR,,46,23.4222222,20 / 30,40,30,PoleToPole,30 / 50,55 / 55,50 / 50,40 / 45,OF,0.47,35+,sa3022897
Hayden Durke,SIRP,ARI,,47,22.9611111,,,,,,,,,,,35+,sa3022733
Ryan Stafford,C,BAL,,47,22.2555555,30 / 45,45,45,PoleToPole,30 / 30,30 / 35,50 / 50,30 / 55,C/2B/OF,0.23,35+,sa3025405
Spencer Miles,SIRP,SFG,,47,24.725,,,,,,,,,,,35+,sa3020475
Mac Horvath,CF,TBR,,47,23.2194444,30 / 40,60,40,Pull,30 / 45,50 / 50,60 / 60,30 / 40,2B/3B/OF,0.37,35+,sa3022885
Connor Foley,SIRP,ARI,,48,21.7583333,,,,,,,,,,,35+,
Reed Trimble,CF,BAL,,48,24.8638888,40 / 40,30,40,Pull/Oppo,40 / 45,50 / 50,55 / 55,50 / 50,OF,0.38,35+,sa3017180
Cole Waites,SIRP,SFG,,48,26.8527777,,,,,,,,,,,35+,25665
Homer Bush Jr.,CF,TBR,,48,23.5111111,30 / 40,40,40,Slash&Dash,20 / 30,30 / 35,80 / 80,40 / 60,OF,0.19,35+,sa3022480
Daniel Eagen,SP,ARI,,49,22.4,,,,,,,,,,,35+,
Max Wagner,3B,BAL,,49,23.6611111,30 / 40,50,40,InsideOut,40 / 50,55 / 55,45 / 45,40 / 40,2B/3B,0.46,35+,sa3020415
Angel Brachi,SS,TBR,,49,18.2833333,25 / 55,45,55,GapToGap,20 / 30,20 / 30,60 / 60,45 / 55,2B/3B/SS,0.08,35+,sa3023784
Andrew Saalfrank,SIRP,ARI,,50,27.6638888,,,,,,,,,,,35+,26203
Fernando Peguero,CF,BAL,,50,20.3055555,30 / 40,40,40,PoleToPole,30 / 40,35 / 45,70 / 70,40 / 60,2B/OF,0.21,35+,sa3018546
Eliomar Garces,SS,TBR,,50,17.6,20 / 45,,45,,20 / 30,30 / 40,50 / 50,40 / 55,,,35+,
Grayson Hitt,SP,ARI,,51,23.35,,,,,,,,,,,35+,sa3025020
Eric Orze,SIRP,TBR,,51,27.6555555,,,,,,,,,,,35+,27626
Ricardo Yan,SP,ARI,,52,22.425,,,,,,,,,,,35+,sa3016056
Paul Gervase,SIRP,TBR,,52,24.9,,,,,,,,,,,35+,sa3019957
Juan Morillo,SIRP,ARI,,53,26.0777777,,,,,,,,,,,35+,sa917772
Jack Hartman,SIRP,TBR,,53,26.7611111,,,,,,,,,,,35+,sa3018250
Nate Lavender,SIRP,TBR,,54,25.2416666,,,,,,,,,,,35+,sa3017917
Alexander Alberto,SIRP,TBR,,55,23.4583333,,,,,,,,,,,35+,sa3015986
Marcus Johnson,SP,TBR,,56,24.35,,,,,,,,,,,35+,sa3020324